Unnamed: 0,PRODUCTO,OT REFERENCIA,CODIGO,PESO,MATERIA PRIMA,PROCESO FINAL,PESO ARMADO ,FAMILIA,MAQUINA,ETAPA,STD,N° ETAPA
Abrazadera 1/2x10.1/2CORTAR,Abrazadera 1/2x10.1/2,34419.0,7003216101-2,0.72,1020 1/2,,0.72,ABRAZADERAS  GV F,TIJERA UNIVERSAL,CORTAR,,
Abrazadera 1/2x10.1/2DOBLAR,Abrazadera 1/2x10.1/2,34419.0,7003216101-2,0.72,1020 1/2,,0.72,ABRAZADERAS  GV F,PRENSA FR - 07,DOBLAR,250.0,
Abrazadera 1/2x10.1/2PUNTEAR,Abrazadera 1/2x10.1/2,34419.0,7003216101-2,0.72,1020 1/2,,0.72,ABRAZADERAS  GV F,PUNT PER,PUNTEAR,,
Abrazadera 1/2x10.1/2TERRAJAR,Abrazadera 1/2x10.1/2,34419.0,7003216101-2,0.72,1020 1/2,T,0.72,ABRAZADERAS  GV F,TERR PER - 02,TERRAJAR,,
Abrazadera 1/2x13,Abrazadera 1/2x13,34664.0,7003216059-8,0.9,1020 1/2,,0.9,ABRAZADERAS  GV F,,,,
Abrazadera 1/2x9.1/2,Abrazadera 1/2x9.1/2,34382.0,7003216051-2,0.605,1020 1/2,,0.605,ABRAZADERAS  GV F,,,,
Abrazadera 1/2x12.1/2,Abrazadera 1/2x12.1/2,35782.0,7003216076-8,0.88,,,0.88,ABRAZADERAS  GV F,,,,
Abrazadera 5/8x10.1/2,Abrazadera 5/8x10.1/2,34864.0,7003220101-4,1.2,1020 5/8,,1.2,ABRAZADERAS  GV F,,,,
Abrazadera 5/8x9.1/2,Abrazadera 5/8x9.1/2,34423.0,7003220051-4,0.995,1020 5/8,,0.995,ABRAZADERAS  GV F,,,,
Abrazadera 5/8x390,Abrazadera 5/8x390,37810.0,7003200305-0,1.54,,,1.54,ABRAZADERAS  GV F,,,,
Abrazadera Curva 1/2x8x5.1/2,Abrazadera Curva 1/2x8x5.1/2,36150.0,7003200080-9,0.5486,,,0.5486,ABRAZADERAS  GV F,,,,
Abrazadera Curva BT 5/8x8,Abrazadera Curva BT 5/8x8,38354.0,7003220096-4,1.125,,,1.125,ABRAZADERAS  GV F,,,,
Abrazadera Curva AT 5/8x8.1/2,Abrazadera Curva AT 5/8x8.1/2,35293.0,7003220096-4,1.125,1020 5/8,,1.125,ABRAZADERAS  GV F,,,,
Abrazadera p/Cruceta 1/2x280x127x65,Abrazadera p/Cruceta 1/2x280x127x65,35789.0,7003216077-6,0.52,,,0.52,ABRAZADERAS  GV F,,,,
Abrazadera p/Cruceta 1/2x400x324x127,Abrazadera p/Cruceta 1/2x400x324x127,35785.0,7003216075-K,1.0,,,1.0,ABRAZADERAS  GV F,,,,
Abrazadera p/Cruceta 1/2x410x370x127,Abrazadera p/Cruceta 1/2x410x370x127,35794.0,7003216078-4,1.156,,,1.156,ABRAZADERAS  GV F,,,,
Abrazadera p/Cruceta Paso Esp 1/2x280x335x127,Abrazadera p/Cruceta Paso Esp 1/2x280x335x127,35858.0,7003200140-6,0.944,,,0.944,ABRAZADERAS  GV F,,,,
Abrazadera p/Cruceta Paso Esp 5/8x280x335x127,Abrazadera p/Cruceta Paso Esp 5/8x280x335x127,35851.0,7003200150-3,1.371,,,1.371,ABRAZADERAS  GV F,,,,
Abrazadera p/Cruceta BT 5/8x9.1/2x8.1/4x6.1/2H,Abrazadera p/Cruceta BT 5/8x9.1/2x8.1/4x6.1/2H,38545.0,7003220052-2,0.995,,,0.995,ABRAZADERAS  GV F,,,,
Abrazadera U p/Cruceta 5/8x300x450x100H,Abrazadera U p/Cruceta 5/8x300x450x100H,38616.0,7003200300-K,1.995,,,1.995,ABRAZADERAS  GV F,,,,
Adaptador p/Espiga Punta Poste,Adaptador p/Espiga Punta Poste,34708.0,8721200110-2,1.29,,,1.29,OTROS PRODUCTOS GV F,,,,
Ancla 1x1,Ancla 1x1,34611.0,9821911140-1,0.077,,,0.077,OTROS PRODUCTOS NG C,,,,
Ancla Mural Tipo A,Ancla Mural Tipo A,36422.0,9821510100-2,0.38,,,0.38,OTROS PRODUCTOS GV C,,,,
Anclaje p/Tirante a Poste Mozo,Anclaje p/Tirante a Poste Mozo,33960.0,9821900620-9,2.35,,,2.35,OTROS PRODUCTOS GV F,,,,
Aletas p/Soporte Rack 32x5x97mm,Aletas p/Soporte Rack 32x5x97mm,36556.0,6000100020-1,0.1,,,0.1,OTROS PRODUCTOS GV F,,,,
Aletas p/Soporte de Paso 8 Aletas 38x5x105mm,Aletas p/Soporte de Paso 8 Aletas 38x5x105mm,36030.0,6000100025-2,0.136,,,0.136,OTROS PRODUCTOS GV F,,,,
Arranque 38x5x427,Arranque 38x5x427,34769.0,9821911130-4,0.627,,,0.627,OTROS PRODUCTOS GV F,,,,
Barra Lisa Tomatierra 1/2x7000,Barra Lisa Tomatierra 1/2x7000,34890.0,7405216100-6,6.95,,,6.95,OTROS PRODUCTOS GV F,,,,
"Barra Ojo 3/4x2,40mtrs","Barra Ojo 3/4x2,40mtrs",34551.0,7400200310-8,5.8,,,5.8,BARRAS OJO GV C,,,,
"Barra Ojo 3/4x3,20mtrs","Barra Ojo 3/4x3,20mtrs",34935.0,7400200312-4,7.5,,,7.5,BARRAS OJO GV C,,,,
Barra Ojo 5/8x1.30mtrs,Barra Ojo 5/8x1.30mtrs,35505.0,7401200008-5,2.6,,,2.6,BARRAS OJO GV C,,,,
"Barra Ojo 5/8x1,80mtrsESTAMPAR","Barra Ojo 5/8x1,80mtrs",34977.0,7401200010-7,3.037,1020 5/8,,3.037,BARRAS OJO GV C,PRENSA FR - 01,ESTAMPAR,44.0,
"Barra Ojo 5/8x1,80mtrsREBABAR","Barra Ojo 5/8x1,80mtrs",34977.0,7401200010-7,3.037,1020 5/8,,3.037,BARRAS OJO GV C,PRENSA EX - 15,REBABAR,125.0,
"Barra Ojo 5/8x2,25mtrsESTAMPAR","Barra Ojo 5/8x2,25mtrs",35011.0,7401200025-5,3.704,1020 5/8,,3.704,BARRAS OJO GV C,PRENSA FR - 01,ESTAMPAR,44.0,
"Barra Ojo 5/8x2,40mtrsESTAMPAR","Barra Ojo 5/8x2,40mtrs",34997.0,7401200030-1,4.0424,1020 5/8,,4.0424,BARRAS OJO GV C,PRENSA FR - 01,ESTAMPAR,44.0,1.0
"Barra Ojo 5/8x2,40mtrsREBABAR EXT","Barra Ojo 5/8x2,40mtrs",34997.0,7401200030-1,4.0424,1020 5/8,,,,PRENSA EX - 13,REBABAR EXT,125.0,2.0
"Barra Ojo 5/8x2,40mtrsREBABAR INT","Barra Ojo 5/8x2,40mtrs",34997.0,7401200030-1,4.0424,1020 5/8,,,,PRENSA EX - 13,REBABAR INT,125.0,3.0
"Barra Ojo 5/8x2,40mtrsPUNTEAR","Barra Ojo 5/8x2,40mtrs",34997.0,7401200030-1,4.0424,1020 5/8,,,,PUNT PER,PUNTEAR,205.0,4.0
"Barra Ojo 5/8x2,40mtrsTERRAJAR","Barra Ojo 5/8x2,40mtrs",34997.0,7401200030-1,4.0424,1020 5/8,,,,TERR PER - 05,TERRAJAR,79.0,5.0
"Barra Ojo 7/8x2,40mtrs","Barra Ojo 7/8x2,40mtrs",34712.0,7400200400-7,7.746,,,7.746,BARRAS OJO GV C,,,,
"Barra Ojo Soldado 7/8x2,70mtrs","Barra Ojo Soldado 7/8x2,70mtrs",39062.0,7400200450-3,8.66,,,8.66,BARRAS OJO GV C,,,,
"Barra Ojo Soldado 7/8x3,20mtrs","Barra Ojo Soldado 7/8x3,20mtrs",38062.0,7400200255-1,12.0,,,12.0,BARRAS OJO GV C,,,,
"Barra Ojo C/Guardacabo 5/8x2,0ESTAMPAR","Barra Ojo C/Guardacabo 5/8x2,0",34497.0,7404200010-1,3.47,1020 5/8,,3.47,BARRAS OJO GV C,PRENSA FR - 01,ESTAMPAR,35.0,
Barra Ojo Soldado 3/4x2.40mtrs,Barra Ojo Soldado 3/4x2.40mtrs,38068.0,7400200310-8,5.8,,,5.8,BARRAS OJO GV C,,,,
Barra Ojo Soldado 3/4x2.94mtrs,Barra Ojo Soldado 3/4x2.94mtrs,35222.0,7400200311-6,7.245,1020 3/4,,7.245,BARRAS OJO GV C,,,,
"Barra Ojo Soldado 3/4x3,0mtrs","Barra Ojo Soldado 3/4x3,0mtrs",34489.0,7401200050-6,6.422,,,6.422,BARRAS OJO GV C,,,,
Brazo Horizontal 50x50x120,Brazo Horizontal 50x50x120,35958.0,A800210108-5,0.551,,,0.551,OTROS PRODUCTOS GV F,,,,
Brazo Horizontal 50x50x190,Brazo Horizontal 50x50x190,35421.0,A800210109-3,1.0,50x5,,1.0,OTROS PRODUCTOS GV F,,,,
Brazo Horizontal 50x50x240,Brazo Horizontal 50x50x240,36261.0,A800210110-7,0.98,50x6,,0.98,OTROS PRODUCTOS GV F,,,,
Brazo Lateral Tipo L 690x950x5 Coopelan,Brazo Lateral Tipo L 690x950x5 Coopelan,34915.0,A800210107-7,11.0,,,11.0,OTROS PRODUCTOS GV F,,,,
Brazo Lateral c/Refuerzo 690x950x6 Coopelan,Brazo Lateral c/Refuerzo 690x950x6 Coopelan,36358.0,A800210116-6,19.0,,,19.0,OTROS PRODUCTOS GV F,,,,
Brazo Soporte p/Caja Blindada 750x500x150,Brazo Soporte p/Caja Blindada 750x500x150,37052.0,A800210192-1,6.57,,,6.57,OTROS PRODUCTOS GV F,,,,
Brazo Tipo L 622x650mm 23kV,Brazo Tipo L 622x650mm 23kV,36372.0,A800210179-K,9.5,,,9.5,OTROS PRODUCTOS GV F,,,,
Brazo Tipo L Copelec 40x600x440,Brazo Tipo L Copelec 40x600x440,34614.0,A800210187-5,1.9,,,1.9,OTROS PRODUCTOS GV F,,,,
Brazo Tipo L Copelec 50x1190x610,Brazo Tipo L Copelec 50x1190x610,35732.0,A800210188-9,5.67,,,5.67,OTROS PRODUCTOS GV F,,,,
Brida 3 pernos Perf. Cuadrada 45x10x120 CNT,Brida 3 pernos Perf. Cuadrada 45x10x120 CNT,35008.0,7500200065-2,0.319,,,0.319,BRIDAS GV F,,,,
Brida 3 pernos Perf. Redonda 45x10x120 CNT,Brida 3 pernos Perf. Redonda 45x10x120 CNT,35009.0,7500200060-1,0.319,,,0.319,BRIDAS GV F,,,,
Brida 3 pernos Perforación Ovalada,Brida 3 pernos Perforación Ovalada,35007.0,7500200015-6,0.435,,,0.435,BRIDAS GV F,,,,
Brida 3 pernos Perforación Redonda,Brida 3 pernos Perforación Redonda,35006.0,7500200020-2,0.445,,,0.445,BRIDAS GV F,,,,
Brida Cruce mensajero perf. Redonda ,Brida Cruce mensajero perf. Redonda ,36949.0,7500200050-4,0.22,,,0.22,BRIDAS GV C,,,,
Brida Cruce mensajero perf. Ovalada,Brida Cruce mensajero perf. Ovalada,36950.0,7500200045-8,0.215,,,0.215,BRIDAS GV C,,,,
Brida Inferior 1 Perno t/CTC,Brida Inferior 1 Perno t/CTC,34884.0,7500200030-K,0.225,,,0.225,BRIDAS GV C,,,,
Brida Inferior 1 perno t/Entel,Brida Inferior 1 perno t/Entel,34432.0,7500200182-9,0.225,,,0.225,BRIDAS GV C,,,,
Brida Inferior 2 pernos,Brida Inferior 2 pernos,34580.0,7500200040-7,0.415,,,0.415,BRIDAS GV C,,,,
Brida Inferior Multicable ,Brida Inferior Multicable ,34875.0,7500200130-6,0.173,,,0.173,BRIDAS GV C,,,,
Brida Inferior Multicable 4mm,Brida Inferior Multicable 4mm,37957.0,7500200136-5,0.116,,,0.116,BRIDAS GV C,,,,
Brida Inferior Suj. Doble 3 pernos,Brida Inferior Suj. Doble 3 pernos,38542.0,7500200135-7,0.335,,,0.335,BRIDAS GV C,,,,
Brida Suj. Plana 1 Perno perf. Redonda,Brida Suj. Plana 1 Perno perf. Redonda,38063.0,7500200014-8,0.17,,,0.17,BRIDAS GV F,,,,
Brida Suj. Plana 1 Perno perf. Ovalada,Brida Suj. Plana 1 Perno perf. Ovalada,38064.0,7500200013-K,0.164,,,0.164,BRIDAS GV F,,,,
Brida Superior 1 Perno t/CTC,Brida Superior 1 Perno t/CTC,34883.0,7500200025-3,0.145,,,0.145,BRIDAS GV C,,,,
Brida Superior 1 Perno T/Entel,Brida Superior 1 Perno T/Entel,34691.0,7500200180-2,0.166,,,0.166,BRIDAS GV C,,,,
Brida Superior 2 Pernos,Brida Superior 2 Pernos,34581.0,7500200035-0,0.357,,,0.357,BRIDAS GV C,,,,
Brida Superior Multicable,Brida Superior Multicable,34842.0,7500200131-4,0.105,,,0.105,BRIDAS GV C,,,,
Brida Superior Multicable 4mm,Brida Superior Multicable 4mm,37956.0,7500200137-3,0.077,,,0.077,BRIDAS GV C,,,,
Brida Superior Suj. Doble 3 pernos,Brida Superior Suj. Doble 3 pernos,38543.0,7500200143-8,0.207,,,0.207,BRIDAS GV C,,,,
Camisa Plomo p/Per Expan 1/2x38mm,Camisa Plomo p/Per Expan 1/2x38mm,35074.0,6000100350-2,0.055,,,0.055,OTROS PRODUCTOS GV C,,,,
Canal Adaptadar p/Brazo Antibalanceo 65x40x5,Canal Adaptadar p/Brazo Antibalanceo 65x40x5,35683.0,6000100040-6,0.1854,,,0.1854,OTROS PRODUCTOS GV F,,,,
Cáncamo p/Madera 5/16x110x50mm,Cáncamo p/Madera 5/16x110x50mm,36180.0,9823110010-5,0.057,,,0.057,OTROS PRODUCTOS GV C,,,,
Cáncamo 1/2x100 GV,Cáncamo 1/2x100 GV,34897.0,9823116020-5,0.10977,1020 1/2,,0.10977,OTROS PRODUCTOS GV C,,,,
Cancamo 1/2x100 ZN,Cancamo 1/2x100 ZN,33940.0,9821916020-8,0.109,1020 1/2,,0.109,OTROS PRODUCTOS GV C,,,,
Cáncamo 1/2x120 GV,Cáncamo 1/2x120 GV,34898.0,9823116030-2,0.1099,1020 1/2,,0.1099,OTROS PRODUCTOS GV C,,,,
Cáncamo 1/2x120 ZN,Cáncamo 1/2x120 ZN,33941.0,9821916030-5,0.1099,1020 1/2,,0.1099,OTROS PRODUCTOS GV C,,,,
Cápsula de Plomo Cañería 1/2,Cápsula de Plomo Cañería 1/2,34655.0,6000100350-2,0.055,,,0.055,OTROS PRODUCTOS NG F,,,,
Chavetas Zinc 1/8x1,Chavetas Zinc 1/8x1,34764.0,5600304016-5,0.002,,,0.002,OTROS PRODUCTOS NG F,,,,
Chavetas Zinc 1/8x1.1/2,Chavetas Zinc 1/8x1.1/2,34373.0,5600304024-6,0.0025,,,0.0025,OTROS PRODUCTOS NG F,,,,
Chavetas Zinc 1/8x1.1/4,Chavetas Zinc 1/8x1.1/4,33844.0,5600304020-3,0.003,,,0.003,OTROS PRODUCTOS NG F,,,,
Chavetas Zinc 5/32x1.1/4,Chavetas Zinc 5/32x1.1/4,34380.0,5601305020-7,0.004,,,0.004,OTROS PRODUCTOS NG F,,,,
Cincel Recto 5/8x343,Cincel Recto 5/8x343,34381.0,6000170010-6,0.8,,,0.8,OTROS PRODUCTOS NG F,,,,
Cincel Recto 5/8x343,Cincel Recto 5/8x343,34381.0,6000170010-6,0.8,,,0.8,OTROS PRODUCTOS NG F,,,,
Clavicote 1/2xM220 NG,Clavicote 1/2xM220 NG,37623.0,5822016130-5,0.193,,,0.193,OTROS PRODUCTOS NG C,,,,
Clavicote 1/2x8 NG Pta plana,Clavicote 1/2x8 NG Pta plana,38137.0,5823016130-3,0.20911,,,0.20911,OTROS PRODUCTOS NG C,,,,
Clavicote Estriado Pta.Piramidal 1/2x250,Clavicote Estriado Pta.Piramidal 1/2x250,34554.0,5823016140-0,0.257,,,0.257,OTROS PRODUCTOS NG C,,,,
Clavo riel FFCC 5/8x4,Clavo riel FFCC 5/8x4,36134.0,5422020064-K,0.288,,,0.288,CLAVO RIELERO NG C,,,,
Clavo riel FFCC 5/8x5,Clavo riel FFCC 5/8x5,34964.0,5422020080-1,0.345,,,0.345,CLAVO RIELERO NG C,,,,
Clavo riel FFCC 9/16x4.1/2,Clavo riel FFCC 9/16x4.1/2,35417.0,5422018072-K,0.23,,,0.23,CLAVO RIELERO NG C,,,,
Clavo riel NA 9/16x4.1/2,Clavo riel NA 9/16x4.1/2,34809.0,5421020072-2,0.291,,,0.291,CLAVO RIELERO NG C,,,,
Clavo riel NA 5/8x5,Clavo riel NA 5/8x5,34807.0,5421020080-3,0.325,,,0.325,CLAVO RIELERO NG C,,,,
Clavo riel NA 5/8x6,Clavo riel NA 5/8x6,34823.0,5421020096-K,0.368,,,0.368,CLAVO RIELERO NG C,,,,
Clip p/Prensa Conexión a tierra,Clip p/Prensa Conexión a tierra,34685.0,A402200010-7,0.032,,,0.032,OTROS PRODUCTOS GV F,,,,
Complemento Elemento Montaje (Cubo),Complemento Elemento Montaje (Cubo),34787.0,9821830100-2,0.385,,,0.385,OTROS PRODUCTOS GV F,,,,
Cruceta BTAT 65x65x5x500-18,Cruceta BTAT 65x65x5x500-18,35267.0,8020210101-5,2.11,,,2.11,CRUCETAS TELEFONICAS GV F,,,,
Cruceta BTAT 65x65x6x500-18,Cruceta BTAT 65x65x6x500-18,31291.0,8020210100-7,2.53,,,2.53,CRUCETAS TELEFONICAS GV F,,,,
Cruceta BTAT 65x65x6x500 Am/Rey,Cruceta BTAT 65x65x6x500 Am/Rey,34863.0,8020530101-5,2.53,,,2.53,CRUCETAS TELEFONICAS GV F,,,,
Cruceta BTAT 65x65x6x500 Az/Rojo,Cruceta BTAT 65x65x6x500 Az/Rojo,34577.0,8020530105-8,2.53,,,2.53,CRUCETAS TELEFONICAS GV F,,,,
Cruceta BTAT 65x65x6x575-18 Az/Rojo,Cruceta BTAT 65x65x6x575-18 Az/Rojo,35815.0,8020530107-4,2.87,,,2.87,CRUCETAS TELEFONICAS GV F,,,,
Cruceta BTAT 65x65x6x575,Cruceta BTAT 65x65x6x575,38613.0,8020210103-1,2.87,,,2.87,CRUCETAS TELEFONICAS GV F,,,,
Cruceta Extra Larga 50x50x4x965 Lila,Cruceta Extra Larga 50x50x4x965 Lila,36444.0,8020515100-5,2.556,,,2.556,CRUCETAS TELEFONICAS GV F,,,,
Cruceta Extra Larga 50x50x4x965 GV,Cruceta Extra Larga 50x50x4x965 GV,38532.0,8020515101-3,2.556,,,2.556,CRUCETAS TELEFONICAS GV F,,,,
Cruceta Extra Larga 50x50x5x1489 GV t/GTD,Cruceta Extra Larga 50x50x5x1489 GV t/GTD,38617.0,8020540055-2,5.68,,,5.68,CRUCETAS TELEFONICAS GV F,,,,
Cruceta Extra Larga 65x65x5x965 GV,Cruceta Extra Larga 65x65x5x965 GV,36273.0,8020215118-7,3.883,,,3.883,CRUCETAS TELEFONICAS GV F,,,,
Cruceta Extra Larga 65x65x6x965 Am/Rey,Cruceta Extra Larga 65x65x6x965 Am/Rey,34690.0,8020515125-0,4.665,,,4.665,CRUCETAS TELEFONICAS GV F,,,,
Cruceta Extra Larga 65x65x6x965 Az/Rojo,Cruceta Extra Larga 65x65x6x965 Az/Rojo,34578.0,8020515126-9,4.665,,,4.665,CRUCETAS TELEFONICAS GV F,,,,
Cruceta Extra Larga 65x65x6x965 GV,Cruceta Extra Larga 65x65x6x965 GV,34978.0,8020215120-9,4.665,,,4.665,CRUCETAS TELEFONICAS GV F,,,,
Cruceta Remate p/Riostra 65x65x6x540 GV,Cruceta Remate p/Riostra 65x65x6x540 GV,38607.0,8020210175-9,3.6,,,3.6,CRUCETAS TELEFONICAS GV F,,,,
Cruceta de Paso 50x50x5x550-14 HOR,Cruceta de Paso 50x50x5x550-14 HOR,35781.0,8020210106-6,1.76,,,1.76,CRUCETAS TELEFONICAS GV F,,,,
Cruceta de Paso 50x50x5x550-14 TUB,Cruceta de Paso 50x50x5x550-14 TUB,35784.0,8020210105-8,2.6,,,2.6,CRUCETAS TELEFONICAS GV F,,,,
Cruceta de Paso 50X50X5x650-14 HOR,Cruceta de Paso 50X50X5x650-14 HOR,35870.0,8020210109-0,2.75,,,2.75,CRUCETAS TELEFONICAS GV F,,,,
Cruceta de Paso 50x50x5x700-14 HOR,Cruceta de Paso 50x50x5x700-14 HOR,35793.0,8020210107-4,3.05,,,3.05,CRUCETAS TELEFONICAS GV F,,,,
Cruceta Paso Ova 40x40x4x500,Cruceta Paso Ova 40x40x4x500,35025.0,8020210063-9,1.0,,,1.0,CRUCETAS TELEFONICAS GV F,,,,
Cruceta Paso Ova 40x40x4x500 Lila,Cruceta Paso Ova 40x40x4x500 Lila,36406.0,8020510040-0,1.0,,,1.0,CRUCETAS TELEFONICAS GV F,,,,
Cruceta Paso Ova 50x50x4x500-14 GV,Cruceta Paso Ova 50x50x4x500-14 GV,34629.0,8020210078-7,1.237,,,1.237,CRUCETAS TELEFONICAS GV F,,,,
Cruceta Paso Ova 50x50x4x500-18 GV,Cruceta Paso Ova 50x50x4x500-18 GV,36100.0,8020210075-2,1.307,,,1.307,CRUCETAS TELEFONICAS GV F,,,,
Cruceta Paso Ova 50x50x4x500-14 V/O,Cruceta Paso Ova 50x50x4x500-14 V/O,34783.0,8020510080-K,1.237,,,1.237,CRUCETAS TELEFONICAS GV F,,,,
Cruceta Paso Ova 50x50x5x500-14 GV,Cruceta Paso Ova 50x50x5x500-14 GV,35745.0,8020210097-3,1.652,,,1.652,CRUCETAS TELEFONICAS GV F,,,,
Cruceta Paso Ova 50x50x4x510-18 GV,Cruceta Paso Ova 50x50x4x510-18 GV,38165.0,8020210090-6,1.286,,,1.286,CRUCETAS TELEFONICAS GV F,,,,
Cruceta Paso Especial 50x50x6x650,Cruceta Paso Especial 50x50x6x650,37809.0,8020210228-3,3.15,,,3.15,CRUCETAS TELEFONICAS GV F,,,,
Cruceta Pletina 1/4x1.1/2x16.1/4 Az/Rojo,Cruceta Pletina 1/4x1.1/2x16.1/4 Az/Rojo,34933.0,8020520126-6,0.67,,,0.67,CRUCETAS TELEFONICAS GV F,,,,
Cruceta Pletina 1/4x1.1/2x16.1/4 GV,Cruceta Pletina 1/4x1.1/2x16.1/4 GV,35087.0,8020220100-1,0.67,,,0.67,CRUCETAS TELEFONICAS GV F,,,,
Cruceta Pletina 1/4x1.1/2x16.1/4 Lila,Cruceta Pletina 1/4x1.1/2x16.1/4 Lila,34378.0,8020520120-7,0.67,,,0.67,CRUCETAS TELEFONICAS GV F,,,,
Cruceta Remate Final 65x65x5x500,Cruceta Remate Final 65x65x5x500,35258.0,8020210138-4,2.606,,,2.606,CRUCETAS TELEFONICAS GV F,,,,
Cruceta Remate Final 65x65x6x500,Cruceta Remate Final 65x65x6x500,34291.0,8020210140-6,3.127,,,3.127,CRUCETAS TELEFONICAS GV F,,,,
Cruceta Remate Final 65x65x6x500 Am/Rey,Cruceta Remate Final 65x65x6x500 Am/Rey,34443.0,8020510089-3,3.127,,,3.127,CRUCETAS TELEFONICAS GV F,,,,
Cruceta Remate Final 65x65x6x500 Az/Rojo,Cruceta Remate Final 65x65x6x500 Az/Rojo,36580.0,8020530108-2,3.127,,,3.127,CRUCETAS TELEFONICAS GV F,,,,
Cruceta Remate Final 65x65x6x575 GV,Cruceta Remate Final 65x65x6x575 GV,38614.0,8020210141-4,3.596,,,3.596,CRUCETAS TELEFONICAS GV F,,,,
Cruceta Remate Final 65x65x6x575-18 Az/Rojo,Cruceta Remate Final 65x65x6x575-18 Az/Rojo,35817.0,8020530115-5,3.596,,,3.596,CRUCETAS TELEFONICAS GV F,,,,
Cruceta Remate Final 50x50x4x500-14,Cruceta Remate Final 50x50x4x500-14,38275.0,8020210120-1,1.886,,,1.886,CRUCETAS TELEFONICAS GV F,,,,
Cruceta Remate Final 50x50x5x500-14 RET,Cruceta Remate Final 50x50x5x500-14 RET,35790.0,8020210134-1,2.086,,,2.086,CRUCETAS TELEFONICAS GV F,,,,
Cruceta Remate Final 50x50x5x550-14 HOR,Cruceta Remate Final 50x50x5x550-14 HOR,35783.0,8020210137-6,2.22,,,2.22,CRUCETAS TELEFONICAS GV F,,,,
Cruceta Remate Final 50x50x5x550-14 TUB,Cruceta Remate Final 50x50x5x550-14 TUB,35786.0,8020210136-8,3.06,,,3.06,CRUCETAS TELEFONICAS GV F,,,,
Cruceta Remate Final 50x50x5x700-14 HOR,Cruceta Remate Final 50x50x5x700-14 HOR,35795.0,8020210139-2,2.98,,,2.98,CRUCETAS TELEFONICAS GV F,,,,
Cruceta Remate Final Oval 50x50x4x500-18,Cruceta Remate Final Oval 50x50x4x500-18,38035.0,8020210125-2,1.886,,,1.886,CRUCETAS TELEFONICAS GV F,,,,
Cruceta Riostra 50x50x4x375,Cruceta Riostra 50x50x4x375,34379.0,8020540053-6,1.519,,,1.519,CRUCETAS TELEFONICAS GV F,,,,
Cruceta Riostra 65x65x5x375,Cruceta Riostra 65x65x5x375,38865.0,8020210173-2,3.6,,,3.6,CRUCETAS TELEFONICAS GV F,,,,
Cruceta Riostra 65x65x6x375,Cruceta Riostra 65x65x6x375,36033.0,8020540054-4,2.5,,,2.5,CRUCETAS TELEFONICAS GV F,,,,
"Cubo p/Ext. Metalica 1,60Mts  80x80x5x110","Cubo p/Ext. Metalica 1,60Mts  80x80x5x110",35326.0,9823000100-6,1.075,,,1.075,OTROS PRODUCTOS GV F,,,,
Cuerpo Guardacabo 5/8x102,Cuerpo Guardacabo 5/8x102,34374.0,9822600005-4,0.432,,,0.432,OTROS PRODUCTOS GV F,,,,
Cuerpo Guardacabo 5/8x119,Cuerpo Guardacabo 5/8x119,34375.0,9822600015-1,0.716,,,0.716,OTROS PRODUCTOS GV F,,,,
Cuerpo p/Soporte Preformado,Cuerpo p/Soporte Preformado,34752.0,A800200169-2,0.31,,,0.31,OTROS PRODUCTOS GV C,,,,
Cuerpo Prensa Conexión a tierra,Cuerpo Prensa Conexión a tierra,34439.0,A402200005-0,0.2,,,0.2,OTROS PRODUCTOS GV C,,,,
Diagonal L 50x50x5x1710,Diagonal L 50x50x5x1710,34644.0,9822210285-5,6.5,,,6.5,DIAGONALES GV F,,,,
Diagonal L 50x50x6x1455,Diagonal L 50x50x6x1455,34649.0,9822200230-3,6.5,,,6.5,DIAGONALES GV F,,,,
Diagonal L 50x50x6x935,Diagonal L 50x50x6x935,34558.0,9822210290-1,4.1,,,4.1,DIAGONALES GV F,,,,
"Diagonal Pletina 39"" 32x5x990mm","Diagonal Pletina 39"" 32x5x990mm",37939.0,9820510148-9,1.15,,,1.15,DIAGONALES GV F,,,,
"Diagonal Pletina 39"" 32x5x990mm Lila","Diagonal Pletina 39"" 32x5x990mm Lila",38410.0,9820510140-3,1.15,,,1.15,DIAGONALES GV F,,,,
Diagonal especial 40x40x4x990mm A/R,Diagonal especial 40x40x4x990mm A/R,38618.0,9820510149-7,2.48,,,2.48,DIAGONALES GV F,,,,
Diagonal p/Cruceta Madera 40x40x5x1830,Diagonal p/Cruceta Madera 40x40x5x1830,34767.0,9822210280-4,5.4,,,5.4,DIAGONALES GV F,,,,
Diagonal p/Cruc Cantilever 50x50x5x1830,Diagonal p/Cruc Cantilever 50x50x5x1830,35990.0,9822210321-5,8.6,,,8.6,DIAGONALES GV F,,,,
Diagonal P/Refuerzo 50x8x1035,Diagonal P/Refuerzo 50x8x1035,34930.0,9822210340-1,3.25,,,3.25,DIAGONALES GV F,,,,
"Eje p/Carretilla 19,93x285","Eje p/Carretilla 19,93x285",34609.0,6000124100-4,0.7,,,0.7,OTROS PRODUCTOS NG F,,,,
"Eje p/Carretilla 19,93x285mm","Eje p/Carretilla 19,93x285mm",37429.0,6000104100-5,0.7,,,0.7,OTROS PRODUCTOS NG F,,,,
Elemento Montaje p/Desconec. By-pass,Elemento Montaje p/Desconec. By-pass,34716.0,9821840000-0,8.51,,,8.51,OTROS PRODUCTOS GV F,,,,
Empalme 38x5x150,Empalme 38x5x150,34770.0,9821911120-7,0.221,,,0.221,OTROS PRODUCTOS GV F,,,,
Escalines 3/4x283x183mm,Escalines 3/4x283x183mm,34974.0,9821410100-9,1.53,,,1.53,OTROS PRODUCTOS GV F,,,,
Escuadra Montaje Descon. Aereo,Escuadra Montaje Descon. Aereo,36151.0,9822510200-7,3.8,,,3.8,OTROS PRODUCTOS GV F,,,,
Escuadra Unión 50x80x370mm,Escuadra Unión 50x80x370mm,36064.0,9822510120-5,1.909,,,1.909,OTROS PRODUCTOS GV F,,,,
Eslabón Angular Estampado perf.18ESTAMPAR,Eslabón Angular Estampado perf.18,34844.0,9822420010-2,0.453,,,0.453,ESLABONES GV C,PRENSA FR - 10,ESTAMPAR,38.0,1.0
Eslabón Angular Estampado perf.18REBABAR,Eslabón Angular Estampado perf.18,34844.0,9822420010-3,0.453,,,0.453,ESLABONES GV C,PRENSA EX - 11,REBABAR,170.0,2.0
Eslabón Angular Estampado perf.18PERFORAR18,Eslabón Angular Estampado perf.18,34844.0,9822420010-2,0.453,,,0.453,ESLABONES GV C,PRENSA EX - 15,PERFORAR18,160.0,3.0
Eslabón Angular Estampado perf.18PERF OVALADA,Eslabón Angular Estampado perf.18,34844.0,9822420010-2,0.453,,,0.453,ESLABONES GV C,PRENSA EX - 15,PERF OVALADA,160.0,4.0
Eslabón Angular Estampado perf.18DOBLAR,Eslabón Angular Estampado perf.18,34844.0,9822420010-3,0.453,,T,0.453,ESLABONES GV C,PRENSA FR - 04,DOBLAR,383.0,5.0
Eslabón Angular p/Tirante perf.14,Eslabón Angular p/Tirante perf.14,35395.0,9822410108-2,0.495,,,0.495,ESLABONES GV C,,,,
Eslabón Angular p/Tirante perf.18,Eslabón Angular p/Tirante perf.18,34722.0,9822410110-4,0.495,,,0.495,ESLABONES GV C,,,,
Eslabón Angular p/Tirante perf.21,Eslabón Angular p/Tirante perf.21,34586.0,9822410170-8,0.5,,,0.5,ESLABONES GV C,,,,
Eslabón Angular c/Pletina Soldada perf. 21,Eslabón Angular c/Pletina Soldada perf. 21,38853.0,9822410160-0,0.53,,,0.53,ESLABONES GV C,,,,
Eslabón Simple 12mm,Eslabón Simple 12mm,34839.0,9822410140-6,0.175,,,0.175,ESLABONES GV C,,,,
Eslabón Simple 16mm,Eslabón Simple 16mm,34822.0,9822410150-3,0.4,,,0.4,ESLABONES GV C,,,,
Espaciador p/Cable DAC,Espaciador p/Cable DAC,36020.0,9822710130-K,2.8,,,2.8,OTROS PRODUCTOS GV F,,,,
Espaciador p/5 Soporte de 1 vía ,Espaciador p/5 Soporte de 1 vía ,35198.0,9822710100-8,13.1,,,13.1,OTROS PRODUCTOS GV F,,,,
Espaciador p/Tir. Recto 910x700x600,Espaciador p/Tir. Recto 910x700x600,34792.0,9822710230-6,12.8,,,12.8,OTROS PRODUCTOS GV F,,,,
Espárrago HAE 5/8x368x60x8,Espárrago HAE 5/8x368x60x8,35418.0,6000100120-8,0.581,,,0.581,OTROS PRODUCTOS GV F,,,,
Espárrago HAE 1.1/8x835,Espárrago HAE 1.1/8x835,34973.0,1B21236775-5,3.7,,,3.7,OTROS PRODUCTOS GV F,,,,
Espárrago HAE 1/2x560x65,Espárrago HAE 1/2x560x65,35791.0,1B21216008-5,0.596,,,0.596,OTROS PRODUCTOS GV F,,,,
Espárrago HTL 5/8x400,Espárrago HTL 5/8x400,34535.0,1A21200100-2,0.446,,,0.446,OTROS PRODUCTOS GV F,,,,
Espárrago M16x130,Espárrago M16x130,35072.0,1A24016139-9,0.25,,,0.25,OTROS PRODUCTOS GV F,,,,
"Espiga 3/4x126x181 caps. 1"" Poliamida","Espiga 3/4x126x181 caps. 1"" Poliamida",35898.0,8706200450-7,0.436,,,0.436,ESPIGAS GV C,PRENSA FR - 06,,,
"Espiga 3/4x126x274 caps.1""","Espiga 3/4x126x274 caps.1""",33598.0,8705200450-9,0.75,,,0.75,ESPIGAS GV C,PRENSA FR - 06,,,
"Espiga 3/4x126x274 caps.1"" PoliamidaESTAMPAR","Espiga 3/4x126x274 caps.1"" Poliamida",35897.0,8707200400-9,0.641,,,0.641,ESPIGAS GV C,PRENSA FR - 06,ESTAMPAR,96.0,1.0
"Espiga 3/4x126x274 caps.1"" PoliamidaREBABAR","Espiga 3/4x126x274 caps.1"" Poliamida",35897.0,8707200400-9,0.641,,,,,FAMAE - 02,REBABAR,250.0,2.0
"Espiga 3/4x126x274 caps.1"" PoliamidaREBAJAR","Espiga 3/4x126x274 caps.1"" Poliamida",35897.0,8707200400-9,0.641,,,,,PUNT 2 CAB,REBAJAR,150.0,3.0
"Espiga 3/4x126x274 caps.1"" PoliamidaESTRIAR","Espiga 3/4x126x274 caps.1"" Poliamida",35897.0,8707200400-9,0.641,,,,,PRENSA FR - 11,ESTRIAR,230.0,4.0
"Espiga 3/4x126x274 caps.1"" PoliamidaPUNTEAR","Espiga 3/4x126x274 caps.1"" Poliamida",35897.0,8707200400-9,0.641,,,,,PUNT PER,PUNTEAR,140.0,5.0
"Espiga 3/4x126x274 caps.1"" PoliamidaTERRAJAR","Espiga 3/4x126x274 caps.1"" Poliamida",35897.0,8707200400-9,0.641,,T,,,TERR PER - 05,TERRAJAR,120.0,6.0
"Espiga 3/4x155x210 caps.1"" Poliamida","Espiga 3/4x155x210 caps.1"" Poliamida",34486.0,8706200600-3,0.507,,,0.507,ESPIGAS GV C,PRENSA FR - 06,,,
"Espiga 3/4x155x210 caps.1.3/8"" Poliamida","Espiga 3/4x155x210 caps.1.3/8"" Poliamida",34669.0,8706200650-K,0.56,,,0.56,ESPIGAS GV C,PRENSA FR - 06,,,
"Espiga 3/4x155x295 caps.1"" Poliamida","Espiga 3/4x155x295 caps.1"" Poliamida",35038.0,8707200550-1,0.712,,,0.712,ESPIGAS GV C,PRENSA FR - 06,,,
"Espiga 3/4x155x295 caps.1"" Poliamida c/HOR","Espiga 3/4x155x295 caps.1"" Poliamida c/HOR",36240.0,8709200160-K,0.712,,,0.712,ESPIGAS GV C,PRENSA FR - 06,,,
"Espiga 3/4x155x295 caps.1.3/8"" Poliamida","Espiga 3/4x155x295 caps.1.3/8"" Poliamida",34951.0,8706200670-4,0.741,,,0.741,ESPIGAS GV C,PRENSA FR - 06,,,
"Espiga 3/4x155x295 caps.1.3/8"" Poliamida c/HOR","Espiga 3/4x155x295 caps.1.3/8"" Poliamida c/HOR",36097.0,8709200150-2,0.741,,,0.741,ESPIGAS GV C,PRENSA FR - 06,,,
"Espiga 3/4x155x303 caps.1"" Poliamida","Espiga 3/4x155x303 caps.1"" Poliamida",35466.0,8707200600-1,0.697,,,0.697,ESPIGAS GV C,PRENSA FR - 06,,,
"Espiga 3/4x183x333 caps.1.3/8""","Espiga 3/4x183x333 caps.1.3/8""",34972.0,8705200670-6,1.161,,,1.161,ESPIGAS GV C,PRENSA FR - 06,,,
"Espiga 3/4x183x333 caps.1.3/8"" Poliamida","Espiga 3/4x183x333 caps.1.3/8"" Poliamida",35900.0,8707200670-2,0.82,,,0.82,ESPIGAS GV C,PRENSA FR - 06,,,
"Espiga 3/4x183x233 caps 1.3/8""","Espiga 3/4x183x233 caps 1.3/8""",35146.0,8704200638-4,0.935,1020 3/4,,0.935,ESPIGAS GV C,PRENSA FR - 06,,,
"Espiga 3/4x183x233 caps 1.3/8"" Poliamida","Espiga 3/4x183x233 caps 1.3/8"" Poliamida",35899.0,8706200638-0,0.598,,,0.598,ESPIGAS GV C,PRENSA FR - 06,,,
"Espiga 3/4x185x240 caps.1.3/8""","Espiga 3/4x185x240 caps.1.3/8""",34880.0,8704200640-6,0.951,,,0.951,ESPIGAS GV C,PRENSA FR - 06,,,
"Espiga 3/4x185x240 caps.1.3/8"" Poliamida","Espiga 3/4x185x240 caps.1.3/8"" Poliamida",35247.0,8706200640-2,0.624,1020 3/4,,0.624,ESPIGAS GV C,PRENSA FR - 06,,,
"Espiga 3/4x190x340 caps.1.3/8"" ","Espiga 3/4x190x340 caps.1.3/8"" ",34647.0,8705200685-4,1.167,,,1.167,ESPIGAS GV C,PRENSA FR - 06,,,
"Espiga 3/4x190x340 caps.1.3/8"" Poliamida","Espiga 3/4x190x340 caps.1.3/8"" Poliamida",35176.0,8707200685-0,0.833,1020 3/4,,0.833,ESPIGAS GV C,PRENSA FR - 06,,,
"Espiga 3/4x200x250 caps.1.3/8"" Poliamida","Espiga 3/4x200x250 caps.1.3/8"" Poliamida",34751.0,8706200680-1,0.641,,,0.641,ESPIGAS GV C,PRENSA FR - 06,,,
"Espiga 3/4x200x350 caps.1"" Poliamida","Espiga 3/4x200x350 caps.1"" Poliamida",35808.0,8709200050-6,0.812,,,0.812,ESPIGAS GV C,PRENSA FR - 06,,,
"Espiga 3/4x200x350 caps.1.3/8"" Poliamida C/M","Espiga 3/4x200x350 caps.1.3/8"" Poliamida C/M",34836.0,8707200720-2,0.844,,,0.844,ESPIGAS GV C,PRENSA FR - 06,,,
"Espiga 3/4x200x350 caps.1.3/8"" Poliamida C/H","Espiga 3/4x200x350 caps.1.3/8"" Poliamida C/H",35810.0,8709200060-3,0.844,,,0.844,ESPIGAS GV C,PRENSA FR - 06,,,
"Espiga 3/4x220x270 caps.1"" Poliamida","Espiga 3/4x220x270 caps.1"" Poliamida",34528.0,8706200070-6,0.638,,,0.638,ESPIGAS GV C,PRENSA FR - 06,,,
"Espiga 3/4x220x270 caps.1.3/8"" Poliamida","Espiga 3/4x220x270 caps.1.3/8"" Poliamida",34637.0,8706200100-1,0.7,,,0.7,ESPIGAS GV C,PRENSA FR - 06,,,
"Espiga 3/4x220x375 caps.1"" Poliamida","Espiga 3/4x220x375 caps.1"" Poliamida",34733.0,8709200100-6,0.86,,,0.86,ESPIGAS GV C,PRENSA FR - 06,,,
"Espiga 3/4x220x375 caps.1.3/8"" Poliamida","Espiga 3/4x220x375 caps.1.3/8"" Poliamida",34687.0,8709200110-3,0.929,,,0.929,ESPIGAS GV C,PRENSA FR - 06,,,
"Espiga 3/4x250x300 caps.1"" Poliamida","Espiga 3/4x250x300 caps.1"" Poliamida",35468.0,8706200790-5,0.695,,,0.695,ESPIGAS GV C,PRENSA FR - 06,,,
"Espiga 3/4x250x300 caps.1.3/8""","Espiga 3/4x250x300 caps.1.3/8""",35031.0,8704200810-7,1.226,,,1.226,ESPIGAS GV C,PRENSA FR - 06,,,
"Espiga 3/4x250x300 caps.1.3/8"" Poliamida","Espiga 3/4x250x300 caps.1.3/8"" Poliamida",34813.0,8706200700-K,0.758,,,0.758,ESPIGAS GV C,PRENSA FR - 06,,,
"Espiga 3/4x250x400 caps.1""","Espiga 3/4x250x400 caps.1""",34984.0,8705200800-8,1.042,,,1.042,ESPIGAS GV C,PRENSA FR - 06,,,
"Espiga 3/4x250x400 caps.1.3/8"" Poliamida","Espiga 3/4x250x400 caps.1.3/8"" Poliamida",34600.0,8707200820-9,0.98,,,0.98,ESPIGAS GV C,PRENSA FR - 06,,,
"Espiga 5/8x150x200 caps.1""","Espiga 5/8x150x200 caps.1""",34469.0,8704200200-1,0.514,,,0.514,ESPIGAS GV C,PRENSA FR - 06,,,
"Espiga 5/8x150x200 caps.1"" Poliamida","Espiga 5/8x150x200 caps.1"" Poliamida",34900.0,8706200800-6,0.372,,,0.372,ESPIGAS GV C,PRENSA FR - 06,,,
"Espiga 5/8x150x300 caps.1"" ","Espiga 5/8x150x300 caps.1"" ",34481.0,8705200200-K,0.681,,,0.681,ESPIGAS GV C,PRENSA FR - 06,,,
"Espiga 5/8x150x300 caps.1"" Poliamida","Espiga 5/8x150x300 caps.1"" Poliamida",34261.0,8707200200-6,0.521,,,0.521,ESPIGAS GV C,PRENSA FR - 06,,,
"Espiga 5/8x155x210 caps.1""","Espiga 5/8x155x210 caps.1""",34858.0,8704200210-9,0.514,,,0.514,ESPIGAS GV C,PRENSA FR - 06,,,
"Espiga 5/8x155x210 caps.1"" Poliamida","Espiga 5/8x155x210 caps.1"" Poliamida",35249.0,8706200210-5,0.388,,,0.388,ESPIGAS GV C,PRENSA FR - 06,,,
"Espiga Punta Poste caps.1""","Espiga Punta Poste caps.1""",34625.0,8721232100-K,1.125,,,1.125,ESPIGAS GV C,,,,
"Espiga Punta Poste caps.1"" Poliamida","Espiga Punta Poste caps.1"" Poliamida",35890.0,8731232100-7,0.955,,,0.955,ESPIGAS GV C,,,,
"Espiga Punta Poste caps.1.3/8"" Poliamida","Espiga Punta Poste caps.1.3/8"" Poliamida",35998.0,8731244100-2,1.795,,,1.795,ESPIGAS GV C,,,,
Extensión p/Soporte de Paso 500x800x1300,Extensión p/Soporte de Paso 500x800x1300,35816.0,9823010200-7,29.648,,,29.648,OTROS PRODUCTOS GV F,,,,
Estribo Metálico p/Brazo Tipo L,Estribo Metálico p/Brazo Tipo L,35895.0,9821910390-5,1.362,,,1.362,OTROS PRODUCTOS GV F,,,,
Estribo p/Soporte L 622x650 70x170,Estribo p/Soporte L 622x650 70x170,36373.0,9821900610-1,0.52,,,0.52,OTROS PRODUCTOS GV C,,,,
Fe Angulo 50x50x4x410,Fe Angulo 50x50x4x410,34413.0,9822110070-0,1.2,,,1.2,Fe ANGULOS GV F,,,,
Fe Angulo 50x50x5x410,Fe Angulo 50x50x5x410,38689.0,9822110080-8,1.64,,,1.64,Fe ANGULOS GV F,,,,
Fe Angulo 65x65x6x410 GV,Fe Angulo 65x65x6x410 GV,36274.0,9822110082-4,2.65,,,2.65,Fe ANGULOS GV F,,,,
Fe Angulo 80x80x8x410 Am/Rey,Fe Angulo 80x80x8x410 Am/Rey,34437.0,9822110101-4,3.9,,,3.9,Fe ANGULOS GV F,,,,
Fe Angulo 80x80x8x410 GV,Fe Angulo 80x80x8x410 GV,34638.0,9822110100-6,3.9,,,3.9,Fe ANGULOS GV F,,,,
Fe Angulo c/gancho 80x80x6x375,Fe Angulo c/gancho 80x80x6x375,34639.0,9822110121-9,3.306,,,3.306,Fe ANGULOS GV F,,,,
Fijación p/Cañería 1.1/2-2 - 1/2x300x100,Fijación p/Cañería 1.1/2-2 - 1/2x300x100,34717.0,C621000400-8,0.378,1020 1/2,,0.378,FIJACIONES,,,,
Fijación p/Cañería 2.1/2 - 1/2x300x100,Fijación p/Cañería 2.1/2 - 1/2x300x100,36306.0,C621000430-K,0.378,,,0.378,FIJACIONES,,,,
Fijación p/Cañería 1/2 - 1/2x10x3H,Fijación p/Cañería 1/2 - 1/2x10x3H,34533.0,C621000235-8,0.262,1020 1/2,,0.262,FIJACIONES,,,,
Fijación p/Cañería 1/2 - 1/2x11.1/2,Fijación p/Cañería 1/2 - 1/2x11.1/2,34830.0,C621000250-1,0.316,1020 1/2,,0.316,FIJACIONES,,,,
Fijación p/Cañería 1/2 - 1/2x130,Fijación p/Cañería 1/2 - 1/2x130,34878.0,C621000180-7,0.168,1020 1/2,,0.168,FIJACIONES,,,,
Fijación p/Cañería 1/2 - 1/2x13x6H,Fijación p/Cañería 1/2 - 1/2x13x6H,34534.0,C621000255-2,1.312,1020 1/2,,1.312,FIJACIONES,,,,
Fijación p/Cañería 1/2 - 1/2x5.1/2,Fijación p/Cañería 1/2 - 1/2x5.1/2,34225.0,C621000195-5,0.185,1020 1/2,,0.185,FIJACIONES,,,,
Fijación p/Cañería 1/2 - 1/2x150x75,Fijación p/Cañería 1/2 - 1/2x150x75,35577.0,C621000150-5,0.2086,1020 1/2,,0.2086,FIJACIONES,,,,
Fijación p/Cañería 1/2 - 1/2x8x5H,Fijación p/Cañería 1/2 - 1/2x8x5H,34532.0,C621000227-7,0.257,1020 1/2,,0.257,FIJACIONES,,,,
Fijación p/Cañería 1/2 - 1/2x9x3H,Fijación p/Cañería 1/2 - 1/2x9x3H,34508.0,C621000230-7,0.282,1020 1/2,,0.282,FIJACIONES,,,,
Fijación p/Cañería 1/2 - 1/2x292x100,Fijación p/Cañería 1/2 - 1/2x292x100,36507.0,C621000348-6,0.35,1020 1/2,,0.35,FIJACIONES,,,,
Fijación p/Cañería 1 - 1/2x300x100,Fijación p/Cañería 1 - 1/2x300x100,35674.0,C621000350-8,0.35,1020 1/2,,0.35,FIJACIONES,,,,
Fijación p/Cañería 1 - 1/2x380x100,Fijación p/Cañería 1 - 1/2x380x100,36658.0,C621000360-5,0.441,1020 1/2,,0.441,FIJACIONES,,,,
Fijación p/Cañería 3 - 1/2x300x100,Fijación p/Cañería 3 - 1/2x300x100,34743.0,C621000450-4,0.443,1020 1/2,,0.443,FIJACIONES,,,,
Fijación p/Cañería 4 - 1/2x300x100,Fijación p/Cañería 4 - 1/2x300x100,34744.0,C621000500-4,0.485,1020 1/2,,0.485,FIJACIONES,,,,
Fijación p/Cañería 4 - 5/8x12x4H,Fijación p/Cañería 4 - 5/8x12x4H,38880.0,C621000552-7,0.771,1020 5/8,,0.805,FIJACIONES,,,,
Fijación p/Cañería M110 - 1/2x300x100,Fijación p/Cañería M110 - 1/2x300x100,34555.0,C621000344-3,0.565,1020 1/2,,0.565,FIJACIONES,,,,
Fijación p/Cañería M32 - 1/2x300x100,Fijación p/Cañería M32 - 1/2x300x100,34745.0,C621000320-6,0.31,1020 1/2,,0.31,FIJACIONES,,,,
Fijación p/Cañería M50 - 1/2x300,Fijación p/Cañería M50 - 1/2x300,34829.0,C621000340-0,0.31,1020 1/2,,0.31,FIJACIONES,,,,
Fijación p/Cañería M75 - 1/2x300x100,Fijación p/Cañería M75 - 1/2x300x100,34406.0,C621000342-7,0.46,1020 1/2,,0.46,FIJACIONES,,,,
Gancho p/Cruceta Remate 5/8x255,Gancho p/Cruceta Remate 5/8x255,35796.0,9100200030-5,0.4,,,0.4,CRUCETAS TELEFONICAS GV F,,,,
Gancho p/Cruceta Rem Final 3/4x280,Gancho p/Cruceta Rem Final 3/4x280,35303.0,9100200020-8,0.0626,1020 3/4,,0.0626,CRUCETAS TELEFONICAS GV F,,,,
Gancho p/Cruceta Riostra 50x5x230mm,Gancho p/Cruceta Riostra 50x5x230mm,37992.0,9100200040-2,0.368,,,0.368,CRUCETAS TELEFONICAS GV F,,,,
Gancho p/Regleta 4.1/2,Gancho p/Regleta 4.1/2,34825.0,9100219045-7,0.296,38x5,,0.296,OTROS PRODUCTOS GV F,,,,
Gancho p/Regleta 7.1/2,Gancho p/Regleta 7.1/2,36114.0,9100219050-3,0.42,,,0.42,OTROS PRODUCTOS GV F,,,,
Gancho p/Regleta Tipo 1  240mm,Gancho p/Regleta Tipo 1  240mm,35033.0,9100219060-0,0.675,,,0.675,OTROS PRODUCTOS GV F,,,,
Gancho T/Araña,Gancho T/Araña,34447.0,9100219020-1,2.075,,,2.075,OTROS PRODUCTOS GV C,,,,
Golilla 32x5x25 p/Soporte Tipo L,Golilla 32x5x25 p/Soporte Tipo L,35238.0,6000100290-5,0.03,32x5,,0.03,OTROS SOPORTES GV F,,,,
Golilla 32x32x5x12,Golilla 32x32x5x12,38902.0,7303232050-0,0.034,,,0.034,GOLILLAS REPARTICION,,,,
Golilla 100x100x5x18,Golilla 100x100x5x18,34954.0,73032A8050-K,0.3864,,,0.3864,GOLILLAS REPARTICION,,,,
Golilla 100x100x5x21,Golilla 100x100x5x21,35289.0,73032A8060-7,0.3892,,,0.3892,GOLILLAS REPARTICION,,,,
Golilla 100x100x6x21,Golilla 100x100x6x21,34955.0,73032A8080-1,0.45,,,0.45,GOLILLAS REPARTICION,,,,
Golilla 100x100x12x21,Golilla 100x100x12x21,35184.0,73032A8120-4,1.25,,,1.25,GOLILLAS REPARTICION,,,,
Golilla 38x38x3x14,Golilla 38x38x3x14,34574.0,7303238050-3,0.035,,,0.035,GOLILLAS REPARTICION,,,,
Golilla 40x40x5x14,Golilla 40x40x5x14,35052.0,7303240095-4,0.0532,,,0.0532,GOLILLAS REPARTICION,,,,
Golilla 40x40x5x18,Golilla 40x40x5x18,34757.0,7303240105-5,0.048,,,0.048,GOLILLAS REPARTICION,,,,
Golilla 40x40x5x21,Golilla 40x40x5x21,34765.0,7303240110-1,0.0446,,,0.0446,GOLILLAS REPARTICION,,,,
Golilla 50x50x5x18,Golilla 50x50x5x18,34953.0,7303250130-0,0.09,,,0.09,GOLILLAS REPARTICION,,,,
Golilla 50x50x5x21,Golilla 50x50x5x21,34952.0,7303250150-5,0.086,,,0.086,GOLILLAS REPARTICION,,,,
Golilla 76x76x5x18,Golilla 76x76x5x18,34464.0,7303276050-0,0.227,,,0.227,GOLILLAS REPARTICION,,,,
Golilla Copa 81x22x17x6 - 22,Golilla Copa 81x22x17x6 - 22,35291.0,3720081022-9,0.463,,,0.463,OTROS PRODUCTOS NG F,,,,
Golilla Descentrada 47x47x5x21,Golilla Descentrada 47x47x5x21,35083.0,6000100015-5,0.08,,,0.08,OTROS PRODUCTOS NG F,,,,
Golilla Descentrada 50x50x5x18,Golilla Descentrada 50x50x5x18,36052.0,6000100018-K,0.09,,,0.09,OTROS PRODUCTOS NG F,,,,
Golilla Descentrada 50x50x5x18 NG,Golilla Descentrada 50x50x5x18 NG,36686.0,6000100340-5,0.09,,,0.09,OTROS PRODUCTOS NG F,,,,
Golilla Descentrada 50x50x5x21,Golilla Descentrada 50x50x5x21,37163.0,6000100017-1,0.09,,,0.09,OTROS PRODUCTOS NG F,,,,
"Golilla Plana Red Esp. 44x24x4(7/8"")","Golilla Plana Red Esp. 44x24x4(7/8"")",34491.0,3528010066-6,0.032,,,0.032,OTROS PRODUCTOS NG F,,,,
"Golilla Plana Red Esp. 44x27x4(1"")","Golilla Plana Red Esp. 44x27x4(1"")",34492.0,3528010070-4,0.03,,,0.03,OTROS PRODUCTOS NG F,,,,
"Grillete 12mm, ojo chico1° GOLPE","Grillete 12mm, ojo chico",34808.0,9521200007-9,0.223,1020 1/2,,0.223,GRILLETES,PRENSA FR - 04,1° GOLPE,171.0,1.0
"Grillete 12mm, ojo chico2° GOLPE","Grillete 12mm, ojo chico",34808.0,9521200007-9,0.223,1020 1/2,,0.223,GRILLETES,PRENSA FR - 04,2° GOLPE,200.0,2.0
"Grillete 12mm, ojo chicoREBABAR","Grillete 12mm, ojo chico",34808.0,9521200007-9,0.223,1020 1/2,,0.223,GRILLETES,FAMAE - 02,REBABAR,240.0,3.0
"Grillete 12mm, ojo chicoPERFORAR ","Grillete 12mm, ojo chico",34808.0,9521200007-9,0.223,1020 1/2,,0.223,GRILLETES,PRENSA EX - 16,PERFORAR ,225.0,4.0
"Grillete 12mm, ojo chicoFORJAR","Grillete 12mm, ojo chico",34808.0,9521200007-9,0.223,1020 1/2,T,0.223,GRILLETES,PRENSA FR - 05,FORJAR,175.0,5.0
"Grillete 12mm, ojo grande","Grillete 12mm, ojo grande",34759.0,9521200005-2,0.34,1020 1/2,,0.34,GRILLETES,,,,
Grillete Forjado 16mm,Grillete Forjado 16mm,36356.0,9521200008-7,0.50446,,,0.50446,GRILLETES,,,,
"Grillete Forjado 16mm, perf.21","Grillete Forjado 16mm, perf.21",34791.0,9521200008-7,0.504,,,0.504,GRILLETES,,,,
"Grillete recto 14mm, perf.18","Grillete recto 14mm, perf.18",34242.0,9521220100-7,0.322,,,0.322,GRILLETES,,,,
"Grillete recto 14mm, perf.21","Grillete recto 14mm, perf.21",34450.0,9521220110-4,0.31,,,0.31,GRILLETES,,,,
"Grillete recto 16mm, perf.18","Grillete recto 16mm, perf.18",35423.0,9521220120-1,0.456,,,0.456,GRILLETES,,,,
"Grillete recto 16mm, perf.21","Grillete recto 16mm, perf.21",34945.0,9521220125-2,0.456,,,0.456,GRILLETES,,,,
Mordaza Prensa Conexión a tierra (clip),Mordaza Prensa Conexión a tierra (clip),34441.0,A402200010-7,0.032,,,0.032,OTROS PRODUCTOS GV F,,,,
Pasador 12x105,Pasador 12x105,32999.0,9700200660-3,0.09588,1020 1/2,,0.09588,OTROS PRODUCTOS GV C,,,,
Pasador 1/2x275,Pasador 1/2x275,34904.0,9700200310-8,0.285,1020 1/2,,0.285,OTROS PRODUCTOS GV C,,,,
Pasador 1/2x80,Pasador 1/2x80,34909.0,9700216100-5,0.088,1020 1/2,,0.088,SOPORTES REMATE,,,,
Pasador 3/4x65,Pasador 3/4x65,36357.0,9700200750-2,0.201,,,0.201,GRILLETES,,,,
Pasador 3/8x216 (c/1 perforación),Pasador 3/8x216 (c/1 perforación),34656.0,9700200130-K,0.148,,,0.148,OTROS PRODUCTOS GV C,,,,
Pasador 3/8x217 (c/2 perforaciones),Pasador 3/8x217 (c/2 perforaciones),30176.0,9700200135-0,0.133,,,0.133,OTROS PRODUCTOS GV C,,,,
Pasador 3/8x72,Pasador 3/8x72,34411.0,9700212050-3,0.054,,,0.054,SOPORTES REMATE,,,,
Pasador 5/8x50,Pasador 5/8x50,34753.0,9700220349-2,0.105,,,0.105,OTROS PRODUCTOS GV C,,,,
Pasador 5/8x60,Pasador 5/8x60,34810.0,9700200615-8,0.128,,,0.128,GRILLETES,,,,
Pasador 5/8x66,Pasador 5/8x66,35194.0,9700220370-0,0.12,,,0.12,OTROS PRODUCTOS GV C,,,,
Pasador 5/8x610,Pasador 5/8x610,34724.0,9700200500-3,0.98,1020 5/8,,0.98,OTROS PRODUCTOS GV C,,,,
Pasador 5/8x910mm,Pasador 5/8x910mm,35970.0,9700200540-2,1.47,,,1.47,OTROS PRODUCTOS GV C,,,,
Pasador Cab. Chica 5/8x2,Pasador Cab. Chica 5/8x2,34921.0,9700200419-8,0.095,,,0.095,OTROS PRODUCTOS GV C,,,,
Pasador Cab. Red 5/8x50 (28x10),Pasador Cab. Red 5/8x50 (28x10),35313.0,9700220351-4,0.105,1020 5/8,,0.105,OTROS PRODUCTOS GV C,,,,
Pasador M16x102,Pasador M16x102,34250.0,9700220450-2,0.191,,,0.191,SOPORTES REMATE,,,,
Perfil C p/Poste 80x40x4x580mm,Perfil C p/Poste 80x40x4x580mm,35204.0,6000100051-1,2.72,,,2.72,OTROS PRODUCTOS GV F,,,,
Perfil L p/Poste 40x40x5x312mm,Perfil L p/Poste 40x40x5x312mm,35205.0,6000100230-1,0.92,,,0.92,OTROS PRODUCTOS GV F,,,,
Perfil Ext. Metálica 125x45x5x2400,Perfil Ext. Metálica 125x45x5x2400,35338.0,9823000340-8,22.8,,,22.8,OTROS PRODUCTOS GV F,,,,
Perfil Ext. Metálica 80x35x5x2410,Perfil Ext. Metálica 80x35x5x2410,34771.0,9823000320-3,12.6,,,12.6,OTROS PRODUCTOS GV F,,,,
Perno Anclaje Pata Partida 1/2x6.1/2,Perno Anclaje Pata Partida 1/2x6.1/2,34445.0,2433216240-K,0.152,1020 1/2,,0.152,PERNOS ANCLAJE GV C,,,,
Perno Anclaje Pata Partida 1/2x6.1/2x2H,Perno Anclaje Pata Partida 1/2x6.1/2x2H,37577.0,2433216230-2,0.1163,,,0.1163,PERNOS ANCLAJE GV C,,,,
Perno Anclaje Recto HAE 3/8x550x100Hx50H,Perno Anclaje Recto HAE 3/8x550x100Hx50H,38896.0,24A1224120-4,1.826,,,1.826,PERNOS ANCLAJE GV F,,,,
Perno Anclaje Recto 5/8x600x100H,Perno Anclaje Recto 5/8x600x100H,35390.0,24A1220090-7,0.93,,,0.93,PERNOS ANCLAJE GV F,,,,
Perno Anclaje Tipo J 1/2x480x100mm,Perno Anclaje Tipo J 1/2x480x100mm,35190.0,2483216480-8,0.68,1020 1/2,,0.68,PERNOS ANCLAJE GV F,,,,
Perno Anclaje Tipo J 7/8x2150x250H  r50,Perno Anclaje Tipo J 7/8x2150x250H  r50,35454.0,2481228500-5,6.56,1020 7/8,,6.56,PERNOS ANCLAJE GV F,,,,
Perno Anclaje Tipo J 1.1/8x995x100H ,Perno Anclaje Tipo J 1.1/8x995x100H ,38732.0,24A1036010-9,5.09,,,5.09,PERNOS ANCLAJE GV F,,,,
Perno Anclaje Tipo J 1.1/8x2150x250H  r50,Perno Anclaje Tipo J 1.1/8x2150x250H  r50,35455.0,2481236500-9,10.8,1020 1.1/8,,10.8,PERNOS ANCLAJE GV C,,,,
Perno Anclaje Tipo J 1.3/8x2150x250H  r50,Perno Anclaje Tipo J 1.3/8x2150x250H  r50,35008.0,2481244500-2,16.0,,,16.0,PERNOS ANCLAJE GV C,,,,
Perno Anclaje Tipo J 1.3/8x2600x250H  r50,Perno Anclaje Tipo J 1.3/8x2600x250H  r50,36054.0,2481244502-9,19.35,,,19.35,PERNOS ANCLAJE GV C,,,,
Perno Anclaje Tipo L 1x700x100x100H ,Perno Anclaje Tipo L 1x700x100x100H ,36904.0,2491232380-K,3.02,,,3.02,PERNOS ANCLAJE GV C,,,,
Perno Anclaje Tipo L 1.1/4x1500x150x150H,Perno Anclaje Tipo L 1.1/4x1500x150x150H,34991.0,2491240900-3,10.18,,,10.18,PERNOS ANCLAJE GV C,,,,
Perno Anclaje Tipo L 1.1/4x1600,Perno Anclaje Tipo L 1.1/4x1600,34521.0,2491240950-K,11.0,,,11.0,PERNOS ANCLAJE GV C,,,,
Perno Anclaje Tipo L 1/2x1000x100x100H,Perno Anclaje Tipo L 1/2x1000x100x100H,35091.0,2491216110-9,1.192,1020 1/2,,1.192,PERNOS ANCLAJE GV C,,,,
Perno Anclaje Tipo L 3/4x400x100x100H,Perno Anclaje Tipo L 3/4x400x100x100H,34990.0,2491224500-0,1.32,,,1.32,PERNOS ANCLAJE GV F,,,,
Perno Anclaje Tipo L 3/4x500,Perno Anclaje Tipo L 3/4x500,34616.0,2491224520-5,1.5,,,1.5,PERNOS ANCLAJE GV C,,,,
Perno Anclaje Tipo L 3/4x540x70x100H,Perno Anclaje Tipo L 3/4x540x70x100H,35092.0,2491224552-3,1.4,,,1.4,PERNOS ANCLAJE GV C,,,,
Perno Anclaje Tipo L 3/4x600x100x100H,Perno Anclaje Tipo L 3/4x600x100x100H,37407.0,2491224680-5,1.6,,,1.6,PERNOS ANCLAJE GV F,,,,
Perno Anclaje Tipo L 5/8x500,Perno Anclaje Tipo L 5/8x500,34636.0,2491220450-9,1.0,,,1.0,PERNOS ANCLAJE GV C,,,,
Perno Anclaje Tipo L 5/8x800x130x100H,Perno Anclaje Tipo L 5/8x800x130x100H,37492.0,2491220800-8,1.46,,,1.46,PERNOS ANCLAJE GV F,,,,
Perno Anclaje Tipo L 7/8x500,Perno Anclaje Tipo L 7/8x500,34575.0,2491228660-2,1.85,,,1.85,PERNOS ANCLAJE GV C,,,,
Perno Cab Cuad 1/2x1.1/2x1.1/2H,Perno Cab Cuad 1/2x1.1/2x1.1/2H,32540.0,9421016100-1,0.053,,,0.053,PERNOS CORRIENTES GV C,,,,
Perno Cab Cuad 1/2x1.1/2x1.1/4H,Perno Cab Cuad 1/2x1.1/2x1.1/4H,34318.0,9423016100-8,0.05,1020 1/2,,0.05,PERNOS CORRIENTES GV C,,,,
Perno Cab Cuad 1/2x1.1/2x1.1/4H UNC,Perno Cab Cuad 1/2x1.1/2x1.1/4H UNC,37986.0,9421016100-1,0.053,,,0.053,PERNOS CORRIENTES GV C,,,,
Perno Cab Cuad 1/2x2.1/2x1/4A BSW,Perno Cab Cuad 1/2x2.1/2x1/4A BSW,34727.0,9423016110-5,0.076,1020 1/2,,0.076,PERNOS CORRIENTES GV C,,,,
Perno Cab Cuad 1/2x2.1/2x1/4A UNC,Perno Cab Cuad 1/2x2.1/2x1/4A UNC,32993.0,9421016140-0,0.076,,,0.076,PERNOS CORRIENTES GV C,,,,
Perno Cab Cuad 1/2x1.3/4X1.1/4H,Perno Cab Cuad 1/2x1.3/4X1.1/4H,35389.0,9421016095-1,0.05942,,,0.05942,PERNOS CORRIENTES GV C,,,,
Perno Cab Cuad 1/2x1.3/4X1.1/4H BSW,Perno Cab Cuad 1/2x1.3/4X1.1/4H BSW,37608.0,9423016095-8,0.05942,,,0.05942,PERNOS CORRIENTES GV C,,,,
Perno Cab Cuad 1/2x16x10A,Perno Cab Cuad 1/2x16x10A,35787.0,9421016460-4,0.412,,,0.412,PERNOS CORRIENTES GV C,,,,
Perno Cab Cuad 1.1/2x8x3.1/2,Perno Cab Cuad 1.1/2x8x3.1/2,35069.0,1151048128-5,2.286,,,2.286,OTROS PRODUCTOS NG C,,,,
Perno Cab Cuad 5/8x10x4A,Perno Cab Cuad 5/8x10x4A,34369.0,9421120180-5,0.407,,,0.407,OTROS PRODUCTOS GV C,,,,
Perno Cab Cuad 5/8x12x6A,Perno Cab Cuad 5/8x12x6A,38731.0,9421120200-3,0.487,,,0.487,OTROS PRODUCTOS GV C,,,,
Perno Cab Cuad 5/8x2.1/2,Perno Cab Cuad 5/8x2.1/2,34949.0,9421120090-6,0.148,,,0.148,OTROS PRODUCTOS GV C,,,,
Perno Cab Cuad 5/8x2.1/2x1A,Perno Cab Cuad 5/8x2.1/2x1A,38793.0,9421120100-7,0.148,,,0.148,OTROS PRODUCTOS GV C,,,,
Perno Cab Cuad 5/8x8x4.1/2A,Perno Cab Cuad 5/8x8x4.1/2A,34368.0,9421120160-0,0.35,,,0.35,OTROS PRODUCTOS GV C,,,,
Perno Cab Cuad 7/8x4x2H,Perno Cab Cuad 7/8x4x2H,36133.0,1181028064-8,0.39,,,0.39,OTROS PRODUCTOS NG C,,,,
Perno Cab Cuad 7/8x5.1/2x2.1/2H Ref,Perno Cab Cuad 7/8x5.1/2x2.1/2H Ref,35285.0,2A21028210-7,0.508,1020 7/8,,0.698,OTROS PRODUCTOS NG C,,,,
Perno Cab Cuad 7/8x5.1/2x2.1/2H,Perno Cab Cuad 7/8x5.1/2x2.1/2H,38412.0,2A21028200-K,0.508,,,0.698,OTROS PRODUCTOS NG C,,,,
Perno Cab Cuad G-5 1.1/2x8,Perno Cab Cuad G-5 1.1/2x8,34216.0,1151048128-5,2.286,,,2.286,OTROS PRODUCTOS NG C,,,,
Perno Cab Cuad G-5 1x3x57mm,Perno Cab Cuad G-5 1x3x57mm,38356.0,2A51032100-7,0.392,,,0.392,OTROS PRODUCTOS NG C,,,,
Perno Cab Cuad T/Perno p/Cruzam 1x4x57,Perno Cab Cuad T/Perno p/Cruzam 1x4x57,35409.0,2A51032102-K,0.532,1045 1,,0.532,OTROS PRODUCTOS NG C,,,,
Perno Cab Martillo M18x65,Perno Cab Martillo M18x65,34512.0,2934018120-2,0.19,,,0.315,OTROS PRODUCTOS NG C,,,,
Perno Coche 1/2x1.1/2,Perno Coche 1/2x1.1/2,34715.0,1223216024-K,0.057,1020 1/2,,0.057,PERNOS CORRIENTES GV C,,,,
Perno Coche 1/2x2x1.1/4,Perno Coche 1/2x2x1.1/4,34901.0,1223216032-0,0.062,1020 1/2,,0.062,PERNOS CORRIENTES GV C,,,,
Perno Coche p/Prensa Paralela 3/4x45,Perno Coche p/Prensa Paralela 3/4x45,34756.0,9923224100-0,0.155,,,0.155,PERNOS CORRIENTES GV C,,,,
Perno Coche 3/8x5x1H,Perno Coche 3/8x5x1H,34652.0,1223212080-9,0.063,,,0.063,PERNOS CORRIENTES GV C,,,,
Perno Coche 3/8x5x3A,Perno Coche 3/8x5x3A,36562.0,9923212100-5,0.0633,,,0.0633,PERNOS CORRIENTES GV C,,,,
Perno Coche 5/8x5x2A,Perno Coche 5/8x5x2A,36219.0,1223220080-2,0.224,,,0.224,PERNOS CORRIENTES GV C,,,,
Perno Coche 5/8x95,Perno Coche 5/8x95,34902.0,9923220100-9,0.158,,,0.158,PERNOS CORRIENTES GV C,,,,
Perno Coche 5/8x9x2H,Perno Coche 5/8x9x2H,38647.0,1221220144-6,0.35,,,0.35,PERNOS CORRIENTES GV C,,,,
Perno Coche 5/8x10x2H,Perno Coche 5/8x10x2H,38648.0,1221220160-8,0.389,,,0.389,PERNOS CORRIENTES GV C,,,,
Perno Coche 5/8x11x2H,Perno Coche 5/8x11x2H,38649.0,1221220176-4,0.4279,,,0.4279,PERNOS CORRIENTES GV C,,,,
Perno Coche 5/8x12x2H,Perno Coche 5/8x12x2H,38650.0,1221220192-6,0.4668,,,0.4668,PERNOS CORRIENTES GV C,,,,
Perno Coche 5/8x14x2H,Perno Coche 5/8x14x2H,38651.0,1221220224-8,0.5446,,,0.5446,PERNOS CORRIENTES GV C,,,,
Perno Coche 5/8x16x2H,Perno Coche 5/8x16x2H,38652.0,1221220256-6,0.6224,,,0.6224,PERNOS CORRIENTES GV C,,,,
Perno Coraza Molino 4340 1x5.1/2x3.1/2H,Perno Coraza Molino 4340 1x5.1/2x3.1/2H,35128.0,2291032512-8,0.716,4340 1,,0.716,PERNOS CORAZA MOLINO NG C,,,,
Perno Coraza Molino G-2 1.3/4x9.1/2x4H,Perno Coraza Molino G-2 1.3/4x9.1/2x4H,35129.0,2221056008-8,4.0,A4223 1.3/4,,4.0,PERNOS CORAZA MOLINO NG C,,,,
Perno Coraza Molino 4340 1x7x4H,Perno Coraza Molino 4340 1x7x4H,35475.0,2291032112-2,0.93,4340 1,,0.93,PERNOS CORAZA MOLINO NG C,,,,
Perno Coraza Molino 4340 1.1/2x8.1/2x5H,Perno Coraza Molino 4340 1.1/2x8.1/2x5H,35215.0,2291048136-7,2.44,4340 1.1/2,,2.44,PERNOS CORAZA MOLINO NG C,,,,
Perno Coraza Molino 4340 1.1/2x11x6.1/2H,Perno Coraza Molino 4340 1.1/2x11x6.1/2H,35216.0,2291048176-6,2.936,4340 1.1/2,,2.936,PERNOS CORAZA MOLINO NG C,,,,
Perno Cuello Ret 1/2x1.11/16ESTAMPAR,Perno Cuello Ret 1/2x1.11/16,34852.0,9923016100-K,0.062,1020 1/2,,0.062,BRIDAS GV C,PRENSA FR - 12,ESTAMPAR,389.0,
Perno Cuello Ret 5/8x45ESTAMPAR,Perno Cuello Ret 5/8x45,34958.0,9921020100-5,0.105,,,0.105,BRIDAS GV F,PRENSA FR - 12,ESTAMPAR,334.0,1.0
Perno Cuello Ret 5/8x45REBABAR,Perno Cuello Ret 5/8x45,34958.0,9921020100-5,0.105,,,0.105,BRIDAS GV F,FAMAE - 02,REBABAR,500.0,2.0
Perno Cuello Ret 5/8x45LAMINAR,Perno Cuello Ret 5/8x45,34958.0,9921020100-5,0.105,,,0.105,BRIDAS GV F,LAMIN ZURZOLO,LAMINAR,450.0,3.0
Perno Cuello Ret 5/8x45REPASAR,Perno Cuello Ret 5/8x45,34958.0,9921020100-5,0.105,,T,0.105,BRIDAS GV F,TERR PER - 04,REPASAR,223.0,4.0
Perno Def Caminera 5/8x2,Perno Def Caminera 5/8x2,34784.0,6221220032-3,0.106,,,0.106,OTROS PRODUCTOS GV C,,,,
Perno Defensa Caminera 6.8 M16x30,Perno Defensa Caminera 6.8 M16x30,34980.0,6295216030-9,0.076,,,0.076,OTROS PRODUCTOS GV C,,,,
Perno Defensa Caminera 6.8 M16x45,Perno Defensa Caminera 6.8 M16x45,34981.0,6295216045-7,0.092,,,0.092,OTROS PRODUCTOS GV C,,,,
Perno Defensa Caminera 8.8 M16x40,Perno Defensa Caminera 8.8 M16x40,34982.0,6295216040-6,0.085,,,0.085,OTROS PRODUCTOS GV C,,,,
Perno Expansión 1/2x5,Perno Expansión 1/2x5,34840.0,9923116120-8,0.132,1020 1/2,,0.132,OTROS PRODUCTOS GV C,,,,
Perno Hex Cte 1/2x1x0A,Perno Hex Cte 1/2x1x0A,35954.0,9323016050-5,0.041,,,0.041,PERNOS CORRIENTES GV C,,,,
Perno Hex Cte 1/2x1.1/4x1/2A,Perno Hex Cte 1/2x1.1/4x1/2A,36205.0,9323016080-3,0.048,,,0.048,PERNOS CORRIENTES GV C,,,,
Perno Hex Cte 1/2x1.1/4x0A,Perno Hex Cte 1/2x1.1/4x0A,13823.0,9323016075-0,0.045,,,0.045,PERNOS CORRIENTES GV C,,,,
Perno Hex Cte 1/2x1.1/2x0A,Perno Hex Cte 1/2x1.1/2x0A,35283.0,9323016090-0,0.05,,,0.05,PERNOS CORRIENTES GV C,,,,
Perno Hex Cte 1/2x1.1/2x0A UNC,Perno Hex Cte 1/2x1.1/2x0A UNC,36312.0,9321016090-4,0.05,,,0.05,PERNOS CORRIENTES GV C,,,,
Perno Hex Cte 1/2x2x0A,Perno Hex Cte 1/2x2x0A,36233.0,9321016140-4,0.058,,,0.058,PERNOS CORRIENTES GV C,,,,
Perno Hex Cte 1/2x2x1/2A,Perno Hex Cte 1/2x2x1/2A,36639.0,9323016150-8,0.06,,,0.06,PERNOS CORRIENTES GV C,,,,
Perno Hex Cte 1/2x2.1/2x0A,Perno Hex Cte 1/2x2.1/2x0A,35462.0,9323016180-K,0.07,,,0.07,PERNOS CORRIENTES GV C,,,,
Perno Hex Cte 1/2x3x0A,Perno Hex Cte 1/2x3x0A,35992.0,9321016230-3,0.091,,,0.091,PERNOS CORRIENTES GV C,,,,
Perno Hex Cte 1/2x5x2A,Perno Hex Cte 1/2x5x2A,35188.0,9323016365-9,0.127,1020 1/2,,0.127,PERNOS CORRIENTES GV C,,,,
Perno Hex Cte 1/2x5x3A,Perno Hex Cte 1/2x5x3A,32736.0,9323016370-5,0.136,1020 1/2,,0.136,PERNOS CORRIENTES GV C,,,,
Perno Hex Cte 1/2x6x3A,Perno Hex Cte 1/2x6x3A,31456.0,9323016400-0,0.156,1020 1/2,,0.156,PERNOS CORRIENTES GV C,,,,
Perno Hex Cte 1/2x6x2A,Perno Hex Cte 1/2x6x2A,38604.0,9323016395-0,0.149,,,,PERNOS CORRIENTES GV C,,,,
Perno Hex Cte 1/2x7x4A,Perno Hex Cte 1/2x7x4A,35364.0,9323016430-2,0.18,1020 1/2,,0.18,PERNOS CORRIENTES GV C,,,,
Perno Hex Cte 1/2x8x4A,Perno Hex Cte 1/2x8x4A,36206.0,9323016445-0,0.194,,,0.194,PERNOS CORRIENTES GV C,,,,
Perno Hex Cte 1/2x8x5A,Perno Hex Cte 1/2x8x5A,35365.0,9323016450-7,0.209,1020 1/2,,0.209,PERNOS CORRIENTES GV C,,,,
Perno Hex Cte 1/2x9x4A,Perno Hex Cte 1/2x9x4A,36761.0,9323016462-0,0.227,1020 1/2,,0.227,PERNOS CORRIENTES GV C,,,,
Perno Hex Cte 1/2x9x5A,Perno Hex Cte 1/2x9x5A,35484.0,9323016465-5,0.226,1020 1/2,,0.226,PERNOS CORRIENTES GV C,,,,
Perno Hex Cte 1/2x9x6A,Perno Hex Cte 1/2x9x6A,35121.0,9323016470-1,0.231,1020 1/2,,0.231,PERNOS CORRIENTES GV C,,,,
Perno Hex Cte 1/2x10x0A,Perno Hex Cte 1/2x10x0A,38225.0,9323016478-7,0.232,,,0.232,PERNOS CORRIENTES GV C,,,,
Perno Hex Cte 1/2x10x5A,Perno Hex Cte 1/2x10x5A,36843.0,9323016490-6,0.241,1020 1/2,,0.241,PERNOS CORRIENTES GV C,,,,
Perno Hex Cte 1/2x10x6A,Perno Hex Cte 1/2x10x6A,37021.0,9323016495-7,0.245,1020 1/2,,0.245,PERNOS CORRIENTES GV C,,,,
Perno Hex Cte 1/2x10x7A,Perno Hex Cte 1/2x10x7A,34490.0,9323016500-7,0.255,1020 1/2,,0.255,PERNOS CORRIENTES GV C,,,,
Perno Hex Cte 1/2x11x7A,Perno Hex Cte 1/2x11x7A,,9323016520-1,0.283,,,0.283,PERNOS CORRIENTES GV C,,,,
Perno Hex Cte 1/2x11x8A,Perno Hex Cte 1/2x11x8A,28453.0,9323016530-9,0.279,1020 1/2,,0.279,PERNOS CORRIENTES GV C,,,,
Perno Hex Cte 1/2x12x6H,Perno Hex Cte 1/2x12x6H,34523.0,9323016555-4,0.296,1020 1/2,,0.296,PERNOS CORRIENTES GV C,,,,
Perno Hex Cte 1/2x12x9A,Perno Hex Cte 1/2x12x9A,34478.0,9323016560-0,0.306,1020 1/2,,0.306,PERNOS CORRIENTES GV C,,,,
Perno Hex Cte 1/2x13x6A,Perno Hex Cte 1/2x13x6A,36401.0,9323016580-5,0.299,,,0.299,PERNOS CORRIENTES GV C,,,,
Perno Hex Cte 1/2x13x187mmH,Perno Hex Cte 1/2x13x187mmH,37674.0,9323016498-1,0.299,,,0.299,PERNOS CORRIENTES GV C,,,,
Perno Hex Cte 1/2x13x10A,Perno Hex Cte 1/2x13x10A,36763.0,9323016610-0,0.334,,,0.334,PERNOS CORRIENTES GV C,,,,
Perno Hex Cte 1/2x14x10A,Perno Hex Cte 1/2x14x10A,33091.0,9323016625-9,0.35,,,0.35,PERNOS CORRIENTES GV C,,,,
Perno Hex Cte 1/2x14x11A,Perno Hex Cte 1/2x14x11A,37704.0,9323016630-5,0.351,,,0.351,PERNOS CORRIENTES GV C,,,,
Perno Hex Cte 1/2x406,Perno Hex Cte 1/2x406,34385.0,9323016652-6,0.382,1020 1/2,,0.382,PERNOS CORRIENTES GV C,,,,
Perno Hex Cte 1/2x350,Perno Hex Cte 1/2x350,36073.0,9323016616-K,0.344,,,0.344,PERNOS CORRIENTES GV C,,,,
Perno Hex Cte 1/2x400,Perno Hex Cte 1/2x400,36072.0,9323016651-8,0.394,,,0.394,PERNOS CORRIENTES GV C,,,,
Perno Hex Cte 1/2x450,Perno Hex Cte 1/2x450,36071.0,9323016691-7,0.443,,,0.443,PERNOS CORRIENTES GV C,,,,
Perno Hex Cte 3/4x10x5A BSW,Perno Hex Cte 3/4x10x5A BSW,34738.0,9323024730-5,0.592,,,0.592,PERNOS CORRIENTES GV C,,,,
Perno Hex Cte 3/4x10x2H UNC NG,Perno Hex Cte 3/4x10x2H UNC NG,36092.0,1021024160-K,0.60329,,,0.60329,PERNOS CORRIENTES GV C,,,,
Perno Hex Cte 3/4x11x7A,Perno Hex Cte 3/4x11x7A,36129.0,9323024758-5,0.653,,,0.653,PERNOS CORRIENTES GV C,,,,
Perno Hex Cte 3/4x11x8A,Perno Hex Cte 3/4x11x8A,37489.0,9323024762-3,0.66,,,0.66,PERNOS CORRIENTES GV C,,,,
Perno Hex Cte 3/4x12x9A,Perno Hex Cte 3/4x12x9A,37258.0,9323024796-8,0.733,,,0.733,PERNOS CORRIENTES GV C,,,,
Perno Hex Cte 3/4x14x10A,Perno Hex Cte 3/4x14x10A,36278.0,9323024840-9,0.822,,,0.822,PERNOS CORRIENTES GV C,,,,
Perno Hex Cte 3/4x17x4H ,Perno Hex Cte 3/4x17x4H ,36303.0,9323024905-7,1.0,,,1.0,PERNOS CORRIENTES GV C,,,,
Perno Hex Cte 3/4x17x7H ,Perno Hex Cte 3/4x17x7H ,34754.0,2921124505-9,0.879,,,0.879,PERNOS CORRIENTES GV C,,,,
Perno Hex Cte 3/4x2x0A,Perno Hex Cte 3/4x2x0A,38441.0,9323024120-K,0.158,,,0.158,PERNOS CORRIENTES GV C,,,,
Perno Hex Cte 3/4x2.1/2x1A,Perno Hex Cte 3/4x2.1/2x1A,35936.0,9323024190-0,0.193,,,0.193,PERNOS CORRIENTES GV C,,,,
Perno Hex Cte 3/4x2.1/2x1/2A,Perno Hex Cte 3/4x2.1/2x1/2A,38348.0,9323024180-3,0.188,,,0.188,PERNOS CORRIENTES GV C,,,,
Perno Hex Cte 3/4x4x0A,Perno Hex Cte 3/4x4x0A,37943.0,9323024340-7,0.253,,,0.253,PERNOS CORRIENTES GV C,,,,
Perno Hex Cte 3/4x4.1/2x1/2A,Perno Hex Cte 3/4x4.1/2x1/2A,37944.0,9323024378-4,0.307,,,0.307,PERNOS CORRIENTES GV C,,,,
Perno Hex Cte 3/4x8,Perno Hex Cte 3/4x8,34762.0,9323024590-6,0.488,,,0.488,PERNOS CORRIENTES GV C,,,,
Perno Hex Cte 3/4x9x6A,Perno Hex Cte 3/4x9x6A,34763.0,9323024668-6,0.565,,,0.565,PERNOS CORRIENTES GV C,,,,
Perno Hex Cte 3/4x9x4A,Perno Hex Cte 3/4x9x4A,36787.0,9323024655-4,0.549,,,0.549,PERNOS CORRIENTES GV C,,,,
Perno Hex Cte 3/4x9x5A,Perno Hex Cte 3/4x9x5A,35541.0,9323024660-0,0.536,,,0.536,PERNOS CORRIENTES GV C,,,,
"Perno Hex Cte 3/8x6x1,1/4H","Perno Hex Cte 3/8x6x1,1/4H",36074.0,1021312096-K,0.08936,,,0.08936,PERNOS CORRIENTES GV C,,,,
Perno Hex Cte 3/8x12x6H,Perno Hex Cte 3/8x12x6H,38821.0,9323012050-K,0.144,,,0.144,PERNOS CORRIENTES GV C,,,,
Perno Hex Cte 5/8x1x0A,Perno Hex Cte 5/8x1x0A,36501.0,9323020050-3,0.0726,,,0.0726,PERNOS CORRIENTES GV C,,,,
Perno Hex Cte 5/8x1.1/2x0A,Perno Hex Cte 5/8x1.1/2x0A,35609.0,9323020080-5,0.0852,,,0.0852,PERNOS CORRIENTES GV C,,,,
Perno Hex Cte 5/8x1.1/2x1/2A,Perno Hex Cte 5/8x1.1/2x1/2A,36445.0,9323020090-2,0.0914,,,0.0914,PERNOS CORRIENTES GV C,,,,
Perno Hex Cte 5/8x1.3/4,Perno Hex Cte 5/8x1.3/4,36999.0,9323220425-5,0.992,,,0.992,PERNOS CORRIENTES GV C,,,,
Perno Hex Cte 5/8x2.1/2,Perno Hex Cte 5/8x2.1/2,34695.0,9323020137-2,0.122,,,0.122,PERNOS CORRIENTES GV C,,,,
Perno Hex Cte 5/8x2.1/2x0A,Perno Hex Cte 5/8x2.1/2x0A,38709.0,9323020135-6,0.1194,,,0.1194,PERNOS CORRIENTES GV C,,,,
Perno Hex Cte 5/8x2.1/2x1A,Perno Hex Cte 5/8x2.1/2x1A,37421.0,9323020140-2,0.127,,,0.127,PERNOS CORRIENTES GV C,,,,
Perno Hex Cte 5/8x2x0A,Perno Hex Cte 5/8x2x0A,35015.0,9323020110-0,0.1034,,,0.1034,PERNOS CORRIENTES GV C,,,,
Perno Hex Cte 5/8x2x1/2A,Perno Hex Cte 5/8x2x1/2A,35305.0,9323020120-8,0.105,1020 5/8,,0.105,PERNOS CORRIENTES GV C,,,,
Perno Hex Cte 5/8x3x0A,Perno Hex Cte 5/8x3x0A,36574.0,9323020160-7,0.1364,,,0.1364,PERNOS CORRIENTES GV C,,,,
Perno Hex Cte 5/8x3x1.1/2A,Perno Hex Cte 5/8x3x1.1/2A,35636.0,9323020167-4,0.1472,,,0.1472,PERNOS CORRIENTES GV C,,,,
Perno Hex Cte 5/8x3.1/2,Perno Hex Cte 5/8x3.1/2,34696.0,9323020185-2,0.16,,,0.16,PERNOS CORRIENTES GV C,,,,
Perno Hex Cte 5/8x5x1.1/2A,Perno Hex Cte 5/8x5x1.1/2A,35029.0,9323020250-6,0.205,,,0.205,PERNOS CORRIENTES GV C,,,,
Perno Hex Cte 5/8x7x4A,Perno Hex Cte 5/8x7x4A,34595.0,9323020326-K,0.304,,,0.304,PERNOS CORRIENTES GV C,,,,
Perno Hex Cte 5/8x8x4A,Perno Hex Cte 5/8x8x4A,34739.0,9323020345-6,0.32,,,0.32,PERNOS CORRIENTES GV C,,,,
Perno Hex Cte 5/8x8x5A,Perno Hex Cte 5/8x8x5A,35373.0,9323020350-2,0.33612,1020 5/8,,0.33612,PERNOS CORRIENTES GV C,,,,
Perno Hex Cte 5/8x9x4A,Perno Hex Cte 5/8x9x4A,36365.0,9323020362-6,0.367,,,0.367,PERNOS CORRIENTES GV C,,,,
Perno Hex Cte 5/8x9x5A,Perno Hex Cte 5/8x9x5A,35485.0,9323020366-9,0.366,1020 5/8,,0.366,PERNOS CORRIENTES GV C,,,,
Perno Hex Cte 5/8x9x6A,Perno Hex Cte 5/8x9x6A,35056.0,9323020370-7,0.37377,,,0.37377,PERNOS CORRIENTES GV C,,,,
Perno Hex Cte 5/8x10x7A,Perno Hex Cte 5/8x10x7A,34760.0,9323020410-K,0.424,,,0.424,PERNOS CORRIENTES GV C,,,,
Perno Hex Cte 5/8x12x9A,Perno Hex Cte 5/8x12x9A,34773.0,9323020470-3,0.496,,,0.496,PERNOS CORRIENTES GV C,,,,
Perno Hex Cte 5/8x11x8A,Perno Hex Cte 5/8x11x8A,32607.0,9323020430-4,0.473,,,0.473,PERNOS CORRIENTES GV C,,,,
Perno Hex Cte 5/8x12x6A,Perno Hex Cte 5/8x12x6A,35521.0,9323020458-4,0.467,,,0.467,PERNOS CORRIENTES GV C,,,,
Perno Hex Cte 5/8x12x8A,Perno Hex Cte 5/8x12x8A,35522.0,9323020466-5,0.487,,,0.487,PERNOS CORRIENTES GV C,,,,
Perno Hex Cte 5/8x13x10A,Perno Hex Cte 5/8x13x10A,32631.0,9323020480-0,0.527,,,0.527,PERNOS CORRIENTES GV C,,,,
Perno Hex Cte 5/8x14x11A,Perno Hex Cte 5/8x14x11A,35232.0,9323020510-6,0.54,1020 5/8,,0.54,PERNOS CORRIENTES GV C,,,,
Perno Hex Cte 5/8x14x3A,Perno Hex Cte 5/8x14x3A,35696.0,9323020490-8,0.516,1020 5/8,,0.516,PERNOS CORRIENTES GV C,,,,
Perno Hex Cte 5/8x14x8A,Perno Hex Cte 5/8x14x8A,38015.0,9323020498-3,0.545,,,0.545,PERNOS CORRIENTES GV C,,,,
Perno Hex Cte 5/8x15x3A,Perno Hex Cte 5/8x15x3A,37586.0,9323020520-3,0.537,,,0.537,PERNOS CORRIENTES GV C,,,,
Perno Hex Cte 5/8x15x12A,Perno Hex Cte 5/8x15x12A,35981.0,9323020530-0,0.619,,,0.619,PERNOS CORRIENTES GV C,,,,
Perno Hex Cte 5/8x16x13A,Perno Hex Cte 5/8x16x13A,35982.0,9323020550-5,0.635,,,0.635,PERNOS CORRIENTES GV C,,,,
Perno Hex Cte 5/8x16x3A,Perno Hex Cte 5/8x16x3A,39010.0,9323020540-8,0.648,,,0.648,PERNOS CORRIENTES GV C,,,,
Perno Hex Cte 5/8x17x3A,Perno Hex Cte 5/8x17x3A,33887.0,9323020560-2,0.61,,,0.61,PERNOS CORRIENTES GV C,,,,
Perno Hex Cte G-5 7/8x12x57mm,Perno Hex Cte G-5 7/8x12x57mm,38357.0,2A51028100-5,0.42,,,0.42,PERNOS CORRIENTES GV C,,,,
Perno Hex Cte G-5 1x4x2.1/4,Perno Hex Cte G-5 1x4x2.1/4,35151.0,2951132064-8,0.53071,1020 5/8,,0.53071,PERNOS CORRIENTES GV C,,,,
Perno Hex Cte G-5 1x8x2.1/2,Perno Hex Cte G-5 1x8x2.1/2,35150.0,2951132122-9,1.00158,,,1.00158,PERNOS CORRIENTES GV C,,,,
Perno Hex Cte G-5 1x10x2.1/2,Perno Hex Cte G-5 1x10x2.1/2,35149.0,2951132192-K,1.252,,,1.252,PERNOS CORRIENTES GV C,,,,
Perno Hex Cte 5/8x150mm,Perno Hex Cte 5/8x150mm,38465.0,9323020295-6,0.26,,,0.26,PERNOS CORRIENTES GV C,,,,
Perno Hex Cte M24x50,Perno Hex Cte M24x50,37884.0,1024024050-0,0.274,,,0.274,PERNOS CORRIENTES GV C,,,,
Perno Hex Cte M24x100,Perno Hex Cte M24x100,35311.0,1024024100-0,0.444,1020 1,,0.547,PERNOS CORRIENTES GV C,,,,
Perno Hex Cte M20x160,Perno Hex Cte M20x160,34788.0,1024020160-2,0.438,,,0.4983,PERNOS CORRIENTES GV C,,,,
Perno Hex Cte M24x120,Perno Hex Cte M24x120,36313.0,1024024120-5,0.527,,,0.527,PERNOS CORRIENTES GV C,,,,
Perno Maq. Cab Plana Avell Ranur 3/4x2x1.3/4,Perno Maq. Cab Plana Avell Ranur 3/4x2x1.3/4,35312.0,1521024032-K,0.135,1020 3/4,,0.135,OTROS PRODUCTOS NG C,,,,
Perno Ojo 5/8x10x5H,Perno Ojo 5/8x10x5H,34420.0,9621000100-7,0.642,,,0.642,PERNOS OJO GV C,PRENSA FR - 01,,,
Perno Ojo 5/8x11x3H,Perno Ojo 5/8x11x3H,36696.0,9624000130-3,0.704,,,0.704,PERNOS OJO GV C,PRENSA FR - 01,,,
Perno Ojo 5/8x11x8H,Perno Ojo 5/8x11x8H,36323.0,9624000138-9,0.704,,,0.704,PERNOS OJO GV C,PRENSA FR - 01,,,
Perno Ojo 5/8x12x127H,Perno Ojo 5/8x12x127H,34913.0,9621000120-1,0.97,,,0.97,PERNOS OJO GV C,PRENSA FR - 01,,,
Perno Ojo 5/8x12x5H,Perno Ojo 5/8x12x5H,38379.0,9624000142-7,0.734,,,0.734,PERNOS OJO GV C,PRENSA FR - 01,,,
Perno Ojo 5/8x12x9H,Perno Ojo 5/8x12x9H,35843.0,9624000145-1,0.683,,,0.683,PERNOS OJO GV C,PRENSA FR - 01,,,
Perno Ojo 5/8x13x3H,Perno Ojo 5/8x13x3H,35193.0,9624000180-K,0.768,1020 5/8,,0.768,PERNOS OJO GV C,PRENSA FR - 01,,,
Perno Ojo 5/8x14x9H,Perno Ojo 5/8x14x9H,35971.0,9623000148-8,1.055,,,1.055,PERNOS OJO GV C,PRENSA FR - 01,,,
Perno Ojo 5/8x14x11H,Perno Ojo 5/8x14x11H,35845.0,9624000190-7,0.778,,,0.778,PERNOS OJO GV C,PRENSA FR - 01,,,
Perno Ojo 5/8x15x12HESTAMPAR,Perno Ojo 5/8x15x12H,34818.0,9624000160-5,0.777,,,0.777,PERNOS OJO GV C,PRENSA FR - 01,ESTAMPAR,41.0,
Perno Ojo 5/8x406x187mmESTAMPAR,Perno Ojo 5/8x406x187mm,37779.0,9624000168-0,0.844,,,0.844,PERNOS OJO GV C,PRENSA FR - 01,ESTAMPAR,43.0,
Perno Ojo 5/8x17x14HESTAMPAR,Perno Ojo 5/8x17x14H,35012.0,9624000200-8,0.822,1020 5/8,652,0.822,PERNOS OJO GV C,PRENSA FR - 01,ESTAMPAR,41.0,
Perno Ojo 5/8x229ESTAMPAR,Perno Ojo 5/8x229,34871.0,9624000010-2,0.579,,,0.579,PERNOS OJO GV C,PRENSA FR - 01,ESTAMPAR,43.0,
Perno Ojo 5/8x7x3HESTAMPAR,Perno Ojo 5/8x7x3H,34514.0,9624000110-9,0.533,,,0.533,PERNOS OJO GV C,PRENSA FR - 01,ESTAMPAR,43.0,
Perno Ojo 5/8x8x4HESTAMPAR,Perno Ojo 5/8x8x4H,35269.0,9624000115-K,0.536,,,0.536,PERNOS OJO GV C,PRENSA FR - 01,ESTAMPAR,43.0,
Perno Ojo 5/8x9x3HESTAMPAR,Perno Ojo 5/8x9x3H,34661.0,9624000015-3,0.604,,,0.604,PERNOS OJO GV C,PRENSA FR - 01,ESTAMPAR,43.0,
Perno Ojo 5/8x9x5HESTAMPAR,Perno Ojo 5/8x9x5H,35001.0,9624000016-1,0.587,,,0.587,PERNOS OJO GV C,PRENSA FR - 01,ESTAMPAR,43.0,1.0
Perno Ojo 5/8x9x5HREBABA EXT,Perno Ojo 5/8x9x5H,35001.0,9624000016-1,0.587,,,0.587,PERNOS OJO GV C,PRENSA EX - 15,REBABA EXT,200.0,2.0
Perno Ojo 5/8x9x5HREBABA INT,Perno Ojo 5/8x9x5H,35001.0,9624000016-1,0.587,,,0.587,PERNOS OJO GV C,PRENSA EX - 15,REBABA INT,200.0,3.0
Perno Ojo 5/8x9x5HENDEREZAR,Perno Ojo 5/8x9x5H,35001.0,9624000016-1,0.587,,,0.587,PERNOS OJO GV C,PRENSA EX - 14,ENDEREZAR,200.0,4.0
Perno Ojo 5/8x9x5HPUNTEAR,Perno Ojo 5/8x9x5H,35001.0,9624000016-1,0.587,,,0.587,PERNOS OJO GV C,PUNT PER,PUNTEAR,75.0,5.0
Perno Ojo 5/8x9x5HTERRAJAR,Perno Ojo 5/8x9x5H,35001.0,9624000016-1,0.587,,T,0.587,PERNOS OJO GV C,TERR PER - 03,TERRAJAR,60.0,6.0
Perno Ojo 5/8x9x6H,Perno Ojo 5/8x9x6H,35682.0,9624000020-K,0.579,,,0.579,PERNOS OJO GV C,,,43.0,
Perno Ojo G-5 3/4x10x4H,Perno Ojo G-5 3/4x10x4H,34694.0,9653000040-8,1.495,,,1.495,PERNOS OJO GV C,,,,
Perno Ojo G-5 3/4x13,Perno Ojo G-5 3/4x13,34820.0,9653000050-5,1.495,,,1.495,PERNOS OJO GV C,,,,
Perno Ojo Soldado 1/2x300,Perno Ojo Soldado 1/2x300,38112.0,9623000205-0,0.48,,,0.48,PERNOS OJO GV C,,,,
Perno Ojo Soldado 1/2x406,Perno Ojo Soldado 1/2x406,35410.0,9623000053-8,0.62,,,0.62,PERNOS OJO GV C,,,,
Perno Ojo soldado 3/4x7x4H,Perno Ojo soldado 3/4x7x4H,34524.0,9623000355-3,0.905,,,0.905,PERNOS OJO GV C,,,,
Perno Ojo soldado 3/4x7x4H,Perno Ojo soldado 3/4x7x4H,34524.0,9623000355-3,0.905,,,0.905,PERNOS OJO GV C,,,,
Perno Ojo Soldado 3/4x9x4H,Perno Ojo Soldado 3/4x9x4H,34926.0,9623000380-4,1.177,,,1.177,PERNOS OJO GV C,,,,
Perno Ojo Soldado 3/4x10x5H,Perno Ojo Soldado 3/4x10x5H,38083.0,9623000395-2,1.197,,,1.197,PERNOS OJO GV C,,,,
Perno Ojo Soldado 3/4x11x3H,Perno Ojo Soldado 3/4x11x3H,36279.0,9623000400-2,1.329,,,1.329,PERNOS OJO GV C,,,,
Perno Ojo Soldado 3/4x13x4H,Perno Ojo Soldado 3/4x13x4H,34511.0,9623000406-1,1.395,,,1.395,PERNOS OJO GV C,,,,
Perno Ojo Soldado 3/4x17x4H,Perno Ojo Soldado 3/4x17x4H,37053.0,9623000490-8,1.655,,,1.655,PERNOS OJO GV C,,,,
Perno Ojo Soldado 5/8x9x5H  ,Perno Ojo Soldado 5/8x9x5H  ,36482.0,9623000122-4,0.856,,,0.856,PERNOS OJO GV C,,,,
Perno Ojo Soldado 5/8x11x8H,Perno Ojo Soldado 5/8x11x8H,36525.0,9623000135-6,0.96,,,0.96,PERNOS OJO GV C,,,,
Perno Ojo Soldado 5/8x14x6H  ,Perno Ojo Soldado 5/8x14x6H  ,36051.0,9623000148-8,1.055,,,1.055,PERNOS OJO GV C,,,,
Perno p/Cruzamiento 3/4x10,Perno p/Cruzamiento 3/4x10,35764.0,2831224160-0,0.683,,,0.683,OTROS PRODUCTOS NG C,,,,
Perno p/Cruzamiento 1x12,Perno p/Cruzamiento 1x12,34561.0,2831232192-2,1.35,,,1.35,OTROS PRODUCTOS NG C,,,,
Perno p/Cruzamiento 1x15,Perno p/Cruzamiento 1x15,34560.0,2831232240-6,1.6,,,1.6,OTROS PRODUCTOS NG C,,,,
Perno p/Cruzamiento 1x8.1/2,Perno p/Cruzamiento 1x8.1/2,34563.0,2831232136-1,1.011,,,1.011,OTROS PRODUCTOS NG C,,,,
Perno p/Cruzamiento 1x9,Perno p/Cruzamiento 1x9,34562.0,2831232144-2,1.108,,,1.108,OTROS PRODUCTOS NG C,,,,
Perno p/Cruzamiento 1.1/8xM190,Perno p/Cruzamiento 1.1/8xM190,35329.0,2831236124-K,1.28,,,1.6680000000000001,OTROS PRODUCTOS NG C,,,,
Perno p/Cruzamiento 1.1/8xM200,Perno p/Cruzamiento 1.1/8xM200,35497.0,2831236125-8,1.33,,,1.7180000000000002,OTROS PRODUCTOS NG C,,,,
Perno p/Cruzamiento 1.1/8xM210,Perno p/Cruzamiento 1.1/8xM210,,2831236126-6,1.45,,,1.834,OTROS PRODUCTOS NG C,,,,
Perno p/Cruzamiento 1.1/8xM215,Perno p/Cruzamiento 1.1/8xM215,,2831236130-4,1.4,,,1.784,OTROS PRODUCTOS NG C,,,,
Perno p/Cruzamiento 1.1/8xM230,Perno p/Cruzamiento 1.1/8xM230,,2831236133-9,1.48,,,1.864,OTROS PRODUCTOS NG C,,,,
Perno p/Cruzamiento 1.1/8xM240,Perno p/Cruzamiento 1.1/8xM240,,2831236134-7,1.53,,,1.9140000000000001,OTROS PRODUCTOS NG C,,,,
Perno p/Cruzamiento 1.1/8xM280,Perno p/Cruzamiento 1.1/8xM280,,2831236160-6,1.73,,,2.114,OTROS PRODUCTOS NG C,,,,
Perno p/Cruzamiento 1.1/8xM290,Perno p/Cruzamiento 1.1/8xM290,,2831236170-3,1.78,,,2.1639999999999997,OTROS PRODUCTOS NG C,,,,
Perno p/Cruzamiento 1.1/8xM305,Perno p/Cruzamiento 1.1/8xM305,,2831236175-4,1.85,,,2.234,OTROS PRODUCTOS NG C,,,,
Perno p/Cruzamiento 1.1/8xM320,Perno p/Cruzamiento 1.1/8xM320,,2831236180-0,1.93,,,2.3139999999999996,OTROS PRODUCTOS NG C,,,,
Perno p/Cruzamiento 1.1/8xM355,Perno p/Cruzamiento 1.1/8xM355,,2831236205-K,2.1,,,2.484,OTROS PRODUCTOS NG C,,,,
Perno p/Cruzamiento 1.1/8xM370,Perno p/Cruzamiento 1.1/8xM370,,2831236210-6,2.18,,,2.564,OTROS PRODUCTOS NG C,,,,
Perno p/Cruzamiento 1.1/8xM380,Perno p/Cruzamiento 1.1/8xM380,,2831236220-3,2.23,,,2.614,OTROS PRODUCTOS NG C,,,,
Perno p/Cruzamiento 1.1/8xM420,Perno p/Cruzamiento 1.1/8xM420,,2831236240-8,2.44,,,2.824,OTROS PRODUCTOS NG C,,,,
Perno p/Cruzamiento 7/8x3.1/2,Perno p/Cruzamiento 7/8x3.1/2,35831.0,2831228035-5,0.35,,,0.35,OTROS PRODUCTOS NG C,,,,
Perno p/Cruzamiento 7/8x12,Perno p/Cruzamiento 7/8x12,34566.0,2831228200-5,1.2,,,1.2,OTROS PRODUCTOS NG C,,,,
Perno p/Cruzamiento 7/8x15,Perno p/Cruzamiento 7/8x15,34565.0,2831228240-4,1.5,,,1.5,OTROS PRODUCTOS NG C,,,,
Perno p/Cruzamiento 7/8x7.1/2,Perno p/Cruzamiento 7/8x7.1/2,35334.0,2831228120-3,0.73,,,0.73,OTROS PRODUCTOS NG C,,,,
Perno p/Cruzamiento 7/8x8 ,Perno p/Cruzamiento 7/8x8 ,35212.0,2831228128-9,0.755,,,0.755,OTROS PRODUCTOS NG C,,,,
Perno p/Cruzamiento 7/8x8.1/2,Perno p/Cruzamiento 7/8x8.1/2,34568.0,2831228142-4,0.7,,,0.7,OTROS PRODUCTOS NG C,,,,
Perno p/Cruzamiento 7/8x9,Perno p/Cruzamiento 7/8x9,34567.0,2831228144-0,0.757,,,0.757,OTROS PRODUCTOS NG C,,,,
"Perno p/Cruzamiento 7/8x10,1/2","Perno p/Cruzamiento 7/8x10,1/2",35832.0,2831228150-5,0.95,,,0.95,OTROS PRODUCTOS NG C,,,,
Perno P/Durmiente Puente 3/4x200,Perno P/Durmiente Puente 3/4x200,34400.0,2821624325-2,0.74,,,0.74,OTROS PRODUCTOS NG C,,,,
Perno p/Durmiente Puente 3/4x300,Perno p/Durmiente Puente 3/4x300,34570.0,2821624350-3,0.75,,,0.887,OTROS PRODUCTOS NG C,,,,
Perno p/Durmiente Puente 3/4x400,Perno p/Durmiente Puente 3/4x400,34673.0,2821624355-4,0.85,,,0.85,OTROS PRODUCTOS NG C,,,,
Perno p/Durmiente Puente 3/4x500,Perno p/Durmiente Puente 3/4x500,34573.0,2821624360-0,0.95,,,1.087,OTROS PRODUCTOS NG C,,,,
Perno p/Eclisa 3/4x99,Perno p/Eclisa 3/4x99,37842.0,2851724009-7,0.4341,,,0.4341,OTROS PRODUCTOS NG C,,,,
Perno Riel p/Eclisa G-5 7/8x130,Perno Riel p/Eclisa G-5 7/8x130,38095.0,2821628182-0,0.495,,,,OTROS PRODUCTOS NG C,,,,
Perno p/Silla 7/8x77,Perno p/Silla 7/8x77,35153.0,2851528014-8,0.323,1045 7/8,,0.323,OTROS PRODUCTOS NG C,,,,
Perno riel 3/4x4,Perno riel 3/4x4,34916.0,2721024064-6,0.266,,,0.266,PERNOS RIELEROS NG C,,,,
Perno riel FFCC 3/4x90,Perno riel FFCC 3/4x90,34768.0,2821624195-0,0.275,,,0.275,PERNOS RIELEROS NG C,,,,
Perno riel FFCC FGO 3/4x90,Perno riel FFCC FGO 3/4x90,36441.0,2821624180-2,0.28,,,0.402,PERNOS RIELEROS NG C,,,,
Perno riel FFCC BCY 7/8x115,Perno riel FFCC BCY 7/8x115,34546.0,2821628190-1,0.445,,,0.632,PERNOS RIELEROS NG C,,,,
Perno riel FFCC BCY 7/8x152,Perno riel FFCC BCY 7/8x152,35027.0,2821628195-2,0.5621,,,0.7491000000000001,PERNOS RIELEROS NG C,,,,
"Perno riel FFCC BCY 7/8x6""","Perno riel FFCC BCY 7/8x6""",37911.0,2821628154-5,0.435,,,0.622,PERNOS RIELEROS NG C,,,,
Perno riel t/Silla DJZ 1x76,Perno riel t/Silla DJZ 1x76,34564.0,2821632100-8,0.502,,,0.762,PERNOS RIELEROS NG C,,,,
Perno riel FFCC JDZ 1x130,Perno riel FFCC JDZ 1x130,35020.0,2821632140-7,0.685,,,0.9450000000000001,PERNOS RIELEROS NG C,,,,
Perno riel FFCC JDZ 1x156,Perno riel FFCC JDZ 1x156,34298.0,2821632145-8,0.687,,,0.9470000000000001,PERNOS RIELEROS NG C,,,,
Perno riel FFCC JDZ 1x165,Perno riel FFCC JDZ 1x165,35670.0,2821632147-4,0.72663,,,0.98663,PERNOS RIELEROS NG C,0.9972300000000001,,,
Perno riel FFCC JDZ 1x180,Perno riel FFCC JDZ 1x180,37896.0,2821632149-0,0.79268,,,1.05268,PERNOS RIELEROS NG C,,,,
Perno riel FFCC JDZ 1x200,Perno riel FFCC JDZ 1x200,38288.0,2821632151-2,0.88075,,,1.1407500000000002,PERNOS RIELEROS NG C,,,,
Perno riel FFCC KJX 1x140,Perno riel FFCC KJX 1x140,34547.0,2821632150-4,0.72,,,0.98,PERNOS RIELEROS NG C,0.9428,,,
Perno riel FFCC KA 1x175,Perno riel FFCC KA 1x175,37491.0,2821632160-1,0.81,,,1.0328000000000002,PERNOS RIELEROS NG C,,,,
Perno riel FFCC KZ 7/8x98,Perno riel FFCC KZ 7/8x98,34371.0,2821628145-6,0.323,,,0.458,PERNOS RIELEROS NG C,,,,
Perno riel FFCC U 3/4x100,Perno riel FFCC U 3/4x100,34465.0,2821624230-2,0.3,,,0.3,PERNOS RIELEROS NG C,,,,
Perno riel FFCC LGC 3/4x85,Perno riel FFCC LGC 3/4x85,35209.0,2821624170-5,0.261,1020 3/4,,0.261,PERNOS RIELEROS NG C,,,,
Perno riel FFCC P Cab Cuad 3/4x85,Perno riel FFCC P Cab Cuad 3/4x85,35228.0,2821624160-8,0.235,1020 3/4,,0.235,PERNOS RIELEROS NG C,,,,
Perno riel FFCC LP 3/4x85,Perno riel FFCC LP 3/4x85,34067.0,2821624150-0,0.238,,,0.238,PERNOS RIELEROS NG C,,,,
Perno riel FFCC 7/8x4x2H,Perno riel FFCC 7/8x4x2H,38726.0,2821628150-2,0.424,,,0.424,PERNOS RIELEROS NG C,,,,
Perno riel NA 1x3.1/2,Perno riel NA 1x3.1/2,34780.0,2721232056-6,0.462,,,0.462,PERNOS RIELEROS NG C,,,,
Perno riel NA 1x6,Perno riel NA 1x6,34778.0,2721232096-5,0.7,,,0.7,PERNOS RIELEROS NG C,,,,
Perno riel NA 1x6.1/2,Perno riel NA 1x6.1/2,34779.0,2721232104-K,0.75,,,0.75,PERNOS RIELEROS NG C,,,,
Perno riel G-2 3/4x4x1.3/4H,Perno riel G-2 3/4x4x1.3/4H,36366.0,2721024064-6,0.266,,,0.266,PERNOS RIELEROS NG C,,,,
Perno riel NA 3/4x4.1/4,Perno riel NA 3/4x4.1/4,34776.0,2721224068-6,0.282,,,0.282,PERNOS RIELEROS NG C,,,,
Perno riel NA 5/8x3.1/4,Perno riel NA 5/8x3.1/4,34775.0,2721220052-8,0.153,,,0.153,PERNOS RIELEROS NG C,,,,
Perno riel NA 7/8x4.1/4x2H,Perno riel NA 7/8x4.1/4x2H,35310.0,2721028068-0,0.392,1020 7/8,,0.5562,PERNOS RIELEROS NG C,,,,
Perno riel NA 7/8x5x2H,Perno riel NA 7/8x5x2H,34777.0,2721228080-7,0.449,,,0.449,PERNOS RIELEROS NG C,,,,
Perno riel NA G-5 1x3.1/2,Perno riel NA G-5 1x3.1/2,35003.0,2751332056-1,0.462,,,0.462,PERNOS RIELEROS NG C,,,,
Perno riel NA G-5 1x3.1/2,Perno riel NA G-5 1x3.1/2,35003.0,2751332056-1,0.462,,,0.462,PERNOS RIELEROS NG C,,,,
Perno riel NA G-5 7/8x5,Perno riel NA G-5 7/8x5,35002.0,2751328080-2,0.462,,,0.462,PERNOS RIELEROS NG C,,,,
Perno riel p/Tirante K-U-Y-Z 1x100,Perno riel p/Tirante K-U-Y-Z 1x100,35328.0,2821632130-K,0.53,,,0.53,PERNOS RIELEROS NG C,,,,
Perno riel t/Silla BCY 7/8x70,Perno riel t/Silla BCY 7/8x70,34569.0,2821628110-3,0.354,,,0.541,PERNOS RIELEROS NG C,,,,
Perno Talón Aguja BCY 7/8x240,Perno Talón Aguja BCY 7/8x240,34468.0,2821028240-K,0.88,,,1.0467,OTROS PRODUCTOS NG C,,,,
Perno Talón Aguja DJKZ  1x260,Perno Talón Aguja DJKZ  1x260,34559.0,2821032260-6,1.25,,,1.4868000000000001,OTROS PRODUCTOS NG C,,,,
Pletina 32x6x180 p/Elemento Montaje,Pletina 32x6x180 p/Elemento Montaje,34583.0,9821800020-7,0.24,,,0.24,OTROS PRODUCTOS GV F,,,,
Pletina Abrazadera Poste Tubular,Pletina Abrazadera Poste Tubular,34879.0,7004200010-6,0.485,,,0.485,OTROS PRODUCTOS GV F,,,,
Pletina Corta p/Elemento Montaje 32x6x172,Pletina Corta p/Elemento Montaje 32x6x172,34714.0,9821800050-9,0.265,,,0.265,OTROS PRODUCTOS GV F,,,,
Pletina Curva p/Cruceta 50x5x300,Pletina Curva p/Cruceta 50x5x300,35795.0,9822900105-1,0.83,,,0.83,OTROS PRODUCTOS GV F,,,,
Pletina Curva 38x5x100mm,Pletina Curva 38x5x100mm,36866.0,9822905215-2,0.16,,,0.16,OTROS PRODUCTOS GV F,,,,
Pletina c/Ova p/Sop Secc Fusible 60x6x360mm,Pletina c/Ova p/Sop Secc Fusible 60x6x360mm,36123.0,6000100062-7,1.017,,,1.017,OTROS PRODUCTOS GV F,,,,
Pletina Elemento Montaje Cruc.Madera ( L ),Pletina Elemento Montaje Cruc.Madera ( L ),34584.0,9821800010-K,0.72,,,0.72,OTROS PRODUCTOS GV F,,,,
Pletina Elemento Montaje Cruc.Metálica( Z ),Pletina Elemento Montaje Cruc.Metálica( Z ),34587.0,9821800030-4,0.693,,,0.693,OTROS PRODUCTOS GV F,,,,
Pletina L p/Elemento Montaje 38x6x205x86,Pletina L p/Elemento Montaje 38x6x205x86,34713.0,9821800040-1,0.8512,,,0.8512,OTROS PRODUCTOS GV F,,,,
Pletina p/Ext. Metalica 1.60Mts  50x6x175,Pletina p/Ext. Metalica 1.60Mts  50x6x175,35333.0,9822900130-2,0.412,,,0.412,OTROS PRODUCTOS GV F,,,,
Pletina p/Ext. Metalica 178x182x5x200,Pletina p/Ext. Metalica 178x182x5x200,35339.0,9822900120-5,2.7,,,2.7,OTROS PRODUCTOS GV F,,,,
Pletina p/Ext. Metalica 50x5x197mm,Pletina p/Ext. Metalica 50x5x197mm,38252.0,9822900060-8,0.38,,,0.38,OTROS PRODUCTOS GV F,,,,
Pletina p/Ext. Metalica 50x5x218mm,Pletina p/Ext. Metalica 50x5x218mm,38253.0,9822900090-K,0.426,,,0.426,OTROS PRODUCTOS GV F,,,,
Pletina p/Ext. Metalica 50x5x244mm,Pletina p/Ext. Metalica 50x5x244mm,38254.0,9822900100-0,0.481,,,0.481,OTROS PRODUCTOS GV F,,,,
Pletina p/Perno J 50x8x150,Pletina p/Perno J 50x8x150,34396.0,9822908200-0,0.464,,,0.464,OTROS PRODUCTOS GV F,,,,
Pletina p/Soporte Secc Fusible 40x4x395mm,Pletina p/Soporte Secc Fusible 40x4x395mm,36122.0,6000100061-9,0.496,,,0.496,OTROS PRODUCTOS GV F,,,,
Pletina p/Soporte Secc Fusible 32x3x130mm,Pletina p/Soporte Secc Fusible 32x3x130mm,36124.0,6000100063-5,0.098,,,0.098,OTROS PRODUCTOS GV F,,,,
Pletina p/Soporte Cruceta 60x6x75mm,Pletina p/Soporte Cruceta 60x6x75mm,35200.0,6000100016-3,0.2,,,0.2,OTROS PRODUCTOS GV F,,,,
Pletina Refuerzo 38x10x63,Pletina Refuerzo 38x10x63,34785.0,9822904102-9,0.174,,,0.174,OTROS PRODUCTOS GV F,,,,
Pletina p/Soldar 140x6x140,Pletina p/Soldar 140x6x140,35766.0,9822906302-2,0.705,,,0.705,OTROS PRODUCTOS GV F,,,,
Pletina p/Soldar 115x4x115,Pletina p/Soldar 115x4x115,35767.0,9822904105-3,0.452,,,0.452,OTROS PRODUCTOS GV F,,,,
Pletina 50x6x110 p/Brazo L 23kV,Pletina 50x6x110 p/Brazo L 23kV,32144.0,9821950020-3,0.2596,,,0.2596,OTROS PRODUCTOS GV F,,,,
Pletina 50x5x215mm,Pletina 50x5x215mm,36337.0,9822908180-2,0.43,,,0.43,OTROS PRODUCTOS GV F,,,,
Pletina Unión 10x100x195mm,Pletina Unión 10x100x195mm,35148.0,9822910195-1,1.345,,,1.345,OTROS PRODUCTOS GV F,,,,
Pletina Unión 12x76x400,Pletina Unión 12x76x400,35050.0,9822912110-3,3.1,,,3.1,OTROS PRODUCTOS GV F,,,,
Pletina Unión 120x10x524,Pletina Unión 120x10x524,34789.0,9822910210-9,5.38,,,5.38,OTROS PRODUCTOS GV F,,,,
Pletina Unión 120x6x305,Pletina Unión 120x6x305,34615.0,9822906205-0,1.79,,,1.79,OTROS PRODUCTOS GV F,,,,
Pletina Unión 120x6x335,Pletina Unión 120x6x335,35028.0,9822906210-7,1.862,,,1.862,OTROS PRODUCTOS GV F,,,,
Pletina Unión 120x6x344,Pletina Unión 120x6x344,35368.0,9822906215-8,1.9,,,1.9,OTROS PRODUCTOS GV F,,,,
Pletina Unión 120x8x640,Pletina Unión 120x8x640,35642.0,9822908151-9,5.1,,,5.1,OTROS PRODUCTOS GV F,,,,
Pletina Unión 60x6x150 s/perforación,Pletina Unión 60x6x150 s/perforación,34493.0,9822906153-4,0.508,,,0.508,OTROS PRODUCTOS GV F,,,,
Pletina Unión 76x6x400,Pletina Unión 76x6x400,35304.0,9822906185-2,1.53,,,1.53,OTROS PRODUCTOS GV F,,,,
Pletina Unión 76x6x295,Pletina Unión 76x6x295,35030.0,9822906160-7,0.98,,,0.98,OTROS PRODUCTOS GV F,,,,
Porta Viga C 100x40x6x496,Porta Viga C 100x40x6x496,38227.0,A321210100-0,3.7,,,3.7,OTROS PRODUCTOS GV F,,,,
Porta Viga W 125x60x5x500,Porta Viga W 125x60x5x500,36305.0,A321230100-K,4.533,,,4.533,OTROS PRODUCTOS GV F,,,,
Poste Soporte 100x100x5x1795,Poste Soporte 100x100x5x1795,35224.0,A800290102-8,37.798,100x100x5,,37.798,OTROS PRODUCTOS GV F,,,,
Poste Soporte 100x100x5x2000,Poste Soporte 100x100x5x2000,35223.0,A822290100-6,45.358,100x100x5,,45.358,OTROS PRODUCTOS GV F,,,,
Prensa Paralella p/Tir perf. redonda,Prensa Paralella p/Tir perf. redonda,34118.0,A402200035-2,0.475,,,0.475,OTROS PRODUCTOS GV F,,,,
Prensa Paralella p/Tir perf. Cuadrada,Prensa Paralella p/Tir perf. Cuadrada,34119.0,A402200030-1,0.465,,,0.465,OTROS PRODUCTOS GV F,,,,
Regleta p/Suspensión de Cable,Regleta p/Suspensión de Cable,34681.0,9821710100-K,1.16,,,1.16,OTROS PRODUCTOS GV F,,,,
Rejilla Lateral 980x130,Rejilla Lateral 980x130,34597.0,9821910203-8,10.5,,,10.5,OTROS PRODUCTOS GV F,,,,
Rejilla Rectangular Empotrada 500x1000,Rejilla Rectangular Empotrada 500x1000,34643.0,9821910207-0,62.0,,,62.0,OTROS PRODUCTOS GV F,,,,
Rejilla Rectangular Empotrada 700x800,Rejilla Rectangular Empotrada 700x800,34641.0,9821910201-1,70.4,,,70.4,OTROS PRODUCTOS GV F,,,,
Rejilla Rectangular Empotrada 740x990,Rejilla Rectangular Empotrada 740x990,34642.0,9821910206-2,86.6,,,86.6,OTROS PRODUCTOS GV F,,,,
Rejilla Rectangular Empotrada 980x410,Rejilla Rectangular Empotrada 980x410,34640.0,9821910202-K,51.4,,,51.4,OTROS PRODUCTOS GV F,,,,
Remache Cte 3/4x70,Remache Cte 3/4x70,34946.0,5020024570-6,0.227,,,0.227,OTROS PRODUCTOS NG C,,,,
Separador p/Espiga Punta Poste,Separador p/Espiga Punta Poste,35748.0,9822810160-5,0.575,,,0.575,OTROS PRODUCTOS GV C,,,,
Separador P/Elemento Montaje Desc.Fus.,Separador P/Elemento Montaje Desc.Fus.,34355.0,9822810140-0,1.28,,,1.28,OTROS PRODUCTOS GV F,,,,
Separador p/Soporte de 5 vías,Separador p/Soporte de 5 vías,34596.0,9822810120-6,6.0,,,6.0,OTROS PRODUCTOS GV F,,,,
Soporte Caja Empalme,Soporte Caja Empalme,35236.0,A800210017-8,1.02,,,1.02,OTROS PRODUCTOS GV F,,,,
Soporte 1 Via p/Alumbrado Público,Soporte 1 Via p/Alumbrado Público,34944.0,A800260040-5,0.128,,,0.128,OTROS SOPORTES GV F,,,,
Soporte 2 Vías p/Empalme,Soporte 2 Vías p/Empalme,35667.0,A800200165-K,0.27,,,0.27,OTROS SOPORTES GV F,,,,
Soporte 2 Vías p/Empalme s/Pasador,Soporte 2 Vías p/Empalme s/Pasador,37602.0,A800200168-4,0.283,,,0.283,OTROS SOPORTES GV F,,,,
Soporte Cruceta Plana 190x6x200,Soporte Cruceta Plana 190x6x200,34650.0,A800228030-3,2.1,,,2.1,OTROS SOPORTES GV F,,,,
Soporte de Anclaje Pilar Tipo A 40x40x5x900,Soporte de Anclaje Pilar Tipo A 40x40x5x900,34796.0,A800290040-5,2.66,,,2.66,OTROS SOPORTES GV F,,,,
Soporte de Anclaje Pilar Tipo E 40x40x5x900,Soporte de Anclaje Pilar Tipo E 40x40x5x900,34799.0,A800290070-3,2.66,,,2.66,OTROS SOPORTES GV F,,,,
Soporte de Ductos Tipo A 40x40x5x700,Soporte de Ductos Tipo A 40x40x5x700,34795.0,A800290030-2,2.07,,,2.07,OTROS SOPORTES GV F,,,,
Soporte de Ductos Tipo E 40x40x5x700,Soporte de Ductos Tipo E 40x40x5x700,34798.0,A800290060-0,2.07,,,2.07,OTROS SOPORTES GV F,,,,
Soporte de Escalerilla Tipo A 40x40x5x700,Soporte de Escalerilla Tipo A 40x40x5x700,34794.0,A800290020-K,2.07,,,2.07,OTROS SOPORTES GV F,,,,
Soporte de Escalerilla Tipo E 40x40x5x700,Soporte de Escalerilla Tipo E 40x40x5x700,34797.0,A800290050-8,2.07,,,2.07,OTROS SOPORTES GV F,,,,
Soporte Met. Montaje Seccionador,Soporte Met. Montaje Seccionador,36125.0,A800210113-1,2.8,,,2.8,OTROS SOPORTES GV F,,,,
Soporte L 50x50x5x50,Soporte L 50x50x5x50,34905.0,A800210084-4,0.188,,,0.188,OTROS SOPORTES GV F,,,,
Soporte p/Abrazadera 50x8x234 ( T ),Soporte p/Abrazadera 50x8x234 ( T ),34837.0,A800200310-5,1.032,,,1.032,OTROS SOPORTES GV F,,,,
Soporte p/Empalme Mono ,Soporte p/Empalme Mono ,35678.0,A800225020-K,0.48,,,0.48,OTROS SOPORTES GV F,,,,
Soporte p/Red BT/Empalme 65x65x5x50,Soporte p/Red BT/Empalme 65x65x5x50,34931.0,A800225035-8,0.25,,,0.25,OTROS SOPORTES GV F,,,,
Soporte p/Montaje secc fusible 630A  500V,Soporte p/Montaje secc fusible 630A  500V,36121.0,A800210106-9,2.8,,,2.8,OTROS SOPORTES GV F,,,,
Soporte de Paso 8 Aletas,Soporte de Paso 8 Aletas,35028.0,A800200105-6,3.02,,,3.02,SOPORTES DE PASO GV F,,,,
Soporte de Paso en un Plano 735x500x5x70mm,Soporte de Paso en un Plano 735x500x5x70mm,36000.0,A800210101-8,10.51,,,10.51,SOPORTES DE PASO GV F,,,,
Soporte de Paso en un Plano 940x590x700mm,Soporte de Paso en un Plano 940x590x700mm,34947.0,A800210103-4,17.7,,,17.7,SOPORTES DE PASO GV F,,,,
Soporte Paso 5/8x321,Soporte Paso 5/8x321,35605.0,A800200200-1,0.53446,,,0.53446,SOPORTES DE PASO GV C,,,,
Soporte Paso 5/8x378,Soporte Paso 5/8x378,34613.0,A800200250-8,0.647,,,0.647,SOPORTES DE PASO GV C,,,,
Soporte Paso 5/8x416,Soporte Paso 5/8x416,34793.0,A800200270-2,0.684,,,0.684,SOPORTES DE PASO GV C,,,,
Soporte de Paso c/Angulo 605x490x395mm,Soporte de Paso c/Angulo 605x490x395mm,36355.0,A800210077-1,14.0,,,14.0,SOPORTES DE PASO GV F,,,,
Soporte Paso 1/2x320,Soporte Paso 1/2x320,35120.0,A800200020-3,0.36,,,0.36,SOPORTES DE PASO GV C,,,,
Soporte Paso 1/2x320x75H,Soporte Paso 1/2x320x75H,37601.0,A801200020-1,0.339,,,0.339,SOPORTES DE PASO GV C,,,,
Soporte Paso 1/2x378,Soporte Paso 1/2x378,35243.0,A801200023-6,0.4,,,0.4,SOPORTES DE PASO GV C,,,,
Soporte Paso 1/2x378x75H,Soporte Paso 1/2x378x75H,38231.0,A800200023-8,0.401,,,0.401,SOPORTES DE PASO GV C,,,,
Soporte Paso 1/2x415 BSW,Soporte Paso 1/2x415 BSW,38230.0,A800200035-1,0.44,,,0.44,SOPORTES DE PASO GV C,,,,
Soporte Paso 1/2x415,Soporte Paso 1/2x415,36120.0,A800200025-4,0.44,,,0.44,SOPORTES DE PASO GV C,,,,
Soporte Paso 1/2x415 c/Perf Hilo,Soporte Paso 1/2x415 c/Perf Hilo,37637.0,A800200040-9,0.38,,,0.38,SOPORTES DE PASO GV C,,,,
Soporte Paso Soldado 1/2x317,Soporte Paso Soldado 1/2x317,34924.0,A800200155-2,0.38,,,0.38,SOPORTES DE PASO GV F,,,,
Soporte Paso Soldado 1/2x374,Soporte Paso Soldado 1/2x374,34960.0,A800200158-7,0.435,,,0.435,SOPORTES DE PASO GV F,,,,
Soporte Paso Soldado 1/2x437,Soporte Paso Soldado 1/2x437,34961.0,A800200160-9,0.497,,,0.497,SOPORTES DE PASO GV F,,,,
Soporte Racks 6 aletas,Soporte Racks 6 aletas,34723.0,A800200090-4,2.2,,,2.2,OTROS SOPORTES GV F,,,,
Soporte Racks 8 aletas,Soporte Racks 8 aletas,36555.0,A800200095-5,2.69,,,2.69,OTROS SOPORTES GV F,,,,
Soporte Racks 10 aletas,Soporte Racks 10 aletas,35616.0,A800200100-5,4.0,,,4.0,OTROS SOPORTES GV F,,,,
Soporte Remate Liviano,Soporte Remate Liviano,34828.0,A800200050-5,0.26,,,0.26,SOPORTES REMATE,,,,
Soporte Remate Mediano-14,Soporte Remate Mediano-14,34544.0,A800200055-6,0.3,,,0.3,SOPORTES REMATE,,,,
Soporte Remate Pesado,Soporte Remate Pesado,34680.0,A800200065-3,0.465,,,0.465,SOPORTES REMATE,,,,
Soporte Secc. Tripolar APR-160,Soporte Secc. Tripolar APR-160,36857.0,A800210083-6,1.04,,,1.04,OTROS SOPORTES GV C,,,,
Soporte Susp. p/Cable Preensamblado,Soporte Susp. p/Cable Preensamblado,34805.0,A800210115-8,0.34,,,0.34,OTROS SOPORTES GV F,,,,
Soporte Tipo L 220x150x10 c/golilla,Soporte Tipo L 220x150x10 c/golilla,34750.0,A800210083-6,1.04,,,1.04,OTROS SOPORTES GV C,,,,
Soporte Tipo L 38x6x100x50,Soporte Tipo L 38x6x100x50,34702.0,A800210080-1,0.237,,,0.237,OTROS SOPORTES GV F,,,,
Soporte Tipo L p/Acometida,Soporte Tipo L p/Acometida,34821.0,A800210065-8,0.446,,,0.446,OTROS SOPORTES GV F,,,,
Soporte Trapecio Costanera 40x40x3x1200,Soporte Trapecio Costanera 40x40x3x1200,34801.0,A800290090-9,2.18,,,2.18,OTROS SOPORTES GV F,,,,
Soporte Trapecio Muro 40x40x3x1800,Soporte Trapecio Muro 40x40x3x1800,34800.0,A800290080-6,3.28,,,3.28,OTROS SOPORTES GV F,,,,
Soporte Vertical 80x35x5x920mm,Soporte Vertical 80x35x5x920mm,35932.0,A800210100-K,5.18,,,5.18,OTROS SOPORTES GV C,,,,
Taco de Madera 80x60x120,Taco de Madera 80x60x120,34781.0,6000100010-4,0.243,,,0.243,FIJACIONES ,,,,
Tapa Cámara 900 x 850,Tapa Cámara 900 x 850,34628.0,9821910204-6,25.3,,,25.3,OTROS PRODUCTOS GV F,,,,
Tarra Chica p/Acopio 800x400x900,Tarra Chica p/Acopio 800x400x900,35342.0,6699099090-6,36.3,,,36.3,OTROS PRODUCTOS NG F,,,,
Tarra Grande p/Acopio 800x650x900,Tarra Grande p/Acopio 800x650x900,35341.0,6699099080-9,45.76,,,45.76,OTROS PRODUCTOS NG F,,,,
"Tirafondo N°1, 7/8x125","Tirafondo N°1, 7/8x125",35114.0,3824028125-K,0.552,,,0.552,TIRAFONDOS RIELEROS NG C,,,,
Tirafondo riel 7/8x132,Tirafondo riel 7/8x132,35661.0,3824028205-1,0.444,,,0.444,TIRAFONDOS RIELEROS NG C,,,,
Tirafondo riel 7/8x194 GV,Tirafondo riel 7/8x194 GV,35729.0,3824228194-K,0.62,,,0.62,TIRAFONDOS RIELEROS GV C,,,,
"Tirafondo N°2, 7/8x145","Tirafondo N°2, 7/8x145",35562.0,3824028175-6,0.63,,,0.63,TIRAFONDOS RIELEROS NG C,,,,
"Tirafondo Nº2, 7/8x149","Tirafondo Nº2, 7/8x149",34409.0,3824028180-2,0.552,,,0.552,TIRAFONDOS RIELEROS NG C,,,,
"Tirafondo Nº5, 7/8x150","Tirafondo Nº5, 7/8x150",34892.0,3824028200-0,0.555,,,0.555,TIRAFONDOS RIELEROS NG C,,,,
Tirafondo p/Panel 7/8x225,Tirafondo p/Panel 7/8x225,34663.0,3824028220-5,0.73,,,0.73,TIRAFONDOS RIELEROS NG C,,,,
Tirafondo p/Panel 7/8x270,Tirafondo p/Panel 7/8x270,34488.0,3824028240-K,0.88,,,0.88,TIRAFONDOS RIELEROS NG C,,,,
Tirafondo riel Especial M23x142,Tirafondo riel Especial M23x142,37885.0,3824023142-2,0.528,,,0.528,TIRAFONDOS RIELEROS NG C,,,,
"Tirafondo riel M21x111,5 GV","Tirafondo riel M21x111,5 GV",34627.0,3824221110-0,0.45,,,0.45,TIRAFONDOS RIELEROS GV C,,,,
Tirafondo riel M21x110 NG,Tirafondo riel M21x110 NG,34626.0,3824021110-3,0.426,,,0.426,TIRAFONDOS RIELEROS NG C,,,,
"Tirafondo riel M21x111,5 NG","Tirafondo riel M21x111,5 NG",35168.0,3824021511-7,0.426,1020 7/8,,0.426,TIRAFONDOS RIELEROS NG C,,,,
"Tirafondo riel M21x113,35 GV","Tirafondo riel M21x113,35 GV",35701.0,3824221113-5,0.479,,,0.479,TIRAFONDOS RIELEROS GV C,,,,
Tirafondo riel M21x125,Tirafondo riel M21x125,38060.0,3824021515-K,0.465,,,0.465,TIRAFONDOS RIELEROS NG C,,,,
Tirante 3/4x7',Tirante 3/4x7',34995.0,8321200200-6,5.4,,,5.4,TIRANTES GV F,,,,
"Tirante 39""  Galv.","Tirante 39""  Galv.",35877.0,8321220140-8,2.413,,,2.413,TIRANTES GV F,,,,
"Tirante 39""  Azul/Rojo","Tirante 39""  Azul/Rojo",35057.0,8321250142-8,2.413,,,2.413,TIRANTES GV F,,,,
Tuerca c/Inserto 1.1/2,Tuerca c/Inserto 1.1/2,35217.0,3461048000-6,0.755,,,0.755,TUERCAS TRE NG C,,,,
"Tuerca c/Inserto 2""","Tuerca c/Inserto 2""",33323.0,3461064000-3,1.6,,,1.6,TUERCAS TRE NG C,,,,
Tuerca Cuad Ref 1/2,Tuerca Cuad Ref 1/2,34539.0,3323216000-K,0.0357,,,0.0357,TUERCAS GV C,,,,
Tuerca Cuad Ref 1/2 Rebajada,Tuerca Cuad Ref 1/2 Rebajada,36943.0,3321216000-3,0.036,,,0.036,TUERCAS GV C,,,,
Tuerca Cuad Ref 5/8,Tuerca Cuad Ref 5/8,34917.0,3321220000-5,0.064,,,0.064,TUERCAS GV C,,,,
Tuerca Cuad Ref 7/8 NG,Tuerca Cuad Ref 7/8 NG,36081.0,3321028000-1,0.1642,,,0.1642,TUERCAS NG C,,,,
Tuerca Cuad Ref Especial 7/8,Tuerca Cuad Ref Especial 7/8,34934.0,6321028000-8,0.19,,,0.19,TUERCAS GV C,,,,
Tuerca Hex 3/4 Bulldog,Tuerca Hex 3/4 Bulldog,34095.0,6321524000-4,0.105,,,0.105,TUERCAS NG C,,,,
"Tuerca Hex Bulldog 1""","Tuerca Hex Bulldog 1""",34970.0,6321532000-8,0.23,,,0.23,TUERCAS NG C,,,,
"Tuerca Hex Bulldog 3/4""","Tuerca Hex Bulldog 3/4""",34645.0,6321524000-4,0.105,,,0.105,TUERCAS NG C,,,,
"Tuerca Hex Bulldog 7/8""","Tuerca Hex Bulldog 7/8""",34397.0,6321528000-6,0.155,,,0.155,TUERCAS NG C,,,,
"Tuerca Hex Bulldog 1.1/8""","Tuerca Hex Bulldog 1.1/8""",35360.0,6331536000-7,0.334,,,0.334,TUERCAS NG C,,,,
Tuerca Hex Cte 1/2  BSW,Tuerca Hex Cte 1/2  BSW,35287.0,3023216000-0,0.018,1020 1/2,,0.018,TUERCAS GV C,,,,
Tuerca Hex Cte 5/8  BSW,Tuerca Hex Cte 5/8  BSW,35619.0,3023220000-2,0.034,,,0.034,TUERCAS GV C,,,,
Tuerca Hex Cte 1  BSW,Tuerca Hex Cte 1  BSW,38111.0,3023232000-8,0.13,,,0.13,TUERCAS GV C,,,,
Tuerca Hex Cte 1/2  UNC,Tuerca Hex Cte 1/2  UNC,33167.0,3021216000-4,0.018,1020 1/2,,0.018,TUERCAS GV C,,,,
Tuerca Hex Cte M16 ,Tuerca Hex Cte M16 ,35041.0,3024216000-9,0.03434,,,0.03434,TUERCAS GV C,,,,
Tuerca Hex Cte G-2 7/8 UNC,Tuerca Hex Cte G-2 7/8 UNC,35469.0,3021228000-K,0.087,,,0.087,TUERCAS GV C,,,,
"Tuerca Hex Ref 3/4""","Tuerca Hex Ref 3/4""",35625.0,3121024000-7,0.0875,,,0.0875,TUERCAS NG C,,,,
"Tuerca Hex Ref 1""","Tuerca Hex Ref 1""",34548.0,3121032000-0,0.1928,,,0.1928,TUERCAS NG C,,,,
"Tuerca Hex Ref 7/8""","Tuerca Hex Ref 7/8""",34549.0,3121028000-9,0.134,,,0.134,TUERCAS NG C,,,,
"Tuerca Hex Ref 7/8"" Zn","Tuerca Hex Ref 7/8"" Zn",35323.0,3321328000-2,0.1736,,,0.1736,TUERCAS NG C,,,,
"Tuerca Hex Ref TRE 2""","Tuerca Hex Ref TRE 2""",35709.0,34C2064000-2,1.438,,,1.438,TUERCAS TRE NG C,,,,
Tuerca Hex Ref  G-2  Inditecnor 7/8,Tuerca Hex Ref  G-2  Inditecnor 7/8,35263.0,3421328100-5,0.135,,,0.135,TUERCAS NG C,,,,
"Tuerca Hex Ref  G-2  1"" c/Perf.","Tuerca Hex Ref  G-2  1"" c/Perf.",35488.0,3421332100-7,0.19,,,0.19,TUERCAS NG C,,,,
Tuerca Hex Ref G-3  M18,Tuerca Hex Ref G-3  M18,34556.0,3434118000-9,0.125,,,0.125,TUERCAS NG C,,,,
Tuerca Ojo 1/2,Tuerca Ojo 1/2,33918.0,9023716000-1,0.3,,,0.3,TUERCAS OJO GV C,,,,
Tuerca Ojo 5/8,Tuerca Ojo 5/8,34816.0,9023720010-0,0.304,,,0.304,TUERCAS OJO GV C,,,,
Tuerca Ojo 3/4,Tuerca Ojo 3/4,36045.0,9023724000-5,0.317,,,0.317,TUERCAS OJO GV C,,,,
Viga Porta Transf. C 100x40x6x2320,Viga Porta Transf. C 100x40x6x2320,34487.0,A321010100-3,17.736,,,17.736,OTROS PRODUCTOS GV F,,,,
Viga Porta Transf. U 125x60x5x2320,Viga Porta Transf. U 125x60x5x2320,37259.0,A321020100-8,22.32,,,22.32,OTROS PRODUCTOS GV F,,,,
Viga Porta Transf. C 100x40x6x2350,Viga Porta Transf. C 100x40x6x2350,34234.0,A321010120-8,18.0,,,18.0,OTROS PRODUCTOS GV F,,,,
Vigueta Afianza L 50x50x6x600,Vigueta Afianza L 50x50x6x600,35886.0,A321420100-2,2.7,,,2.7,VIGUETAS GV F,,,,
Vigueta Afianza L 65x65x5x690,Vigueta Afianza L 65x65x5x690,35013.0,A321420105-3,3.4,,,3.4,VIGUETAS GV F,,,,
Vigueta Afianza L 65x65x8x630,Vigueta Afianza L 65x65x8x630,34943.0,A321420120-7,4.5,,,4.5,VIGUETAS GV F,,,,
Vigueta C 150x50x6x900mm,Vigueta C 150x50x6x900mm,35884.0,A321410082-6,10.448,,,10.448,VIGUETAS GV F,,,,
Vigueta C Doble 150x50x5x6000mm,Vigueta C Doble 150x50x5x6000mm,35921.0,A321410084-8,120.0,,,120.0,VIGUETAS GV F,,,,
Vigueta C tipo 1 125x50x5x6600mm,Vigueta C tipo 1 125x50x5x6600mm,36918.0,A321410090-K,57.85,,,57.85,VIGUETAS GV F,,,,
Vigueta C tipo 2 125x50x5x6600mm,Vigueta C tipo 2 125x50x5x6600mm,36919.0,A321410095-3,57.85,,,57.85,VIGUETAS GV F,,,,
Vigueta Canal C 34x34x3x480mm,Vigueta Canal C 34x34x3x480mm,34748.0,A321400225-5,1.086,,,1.086,VIGUETAS GV F,,,,
Vigueta PortaViga C 100x40x6x480,Vigueta PortaViga C 100x40x6x480,34593.0,A321410100-8,3.57,,,3.57,VIGUETAS GV F,,,,
Vigueta Canal C 150x5x50x740,Vigueta Canal C 150x5x50x740,35765.0,A321410093-1,5.61,,,5.61,VIGUETAS GV F,,,,
Vigueta Tipo Z 40x30x4x480mm,Vigueta Tipo Z 40x30x4x480mm,34749.0,A321400229-8,1.6,,,1.6,VIGUETAS GV F,,,,
