Unnamed: 0,Unnamed: 1,Unnamed: 2,Unnamed: 3,Unnamed: 4,Unnamed: 5,Unnamed: 6,Unnamed: 7,Unnamed: 8,Unnamed: 9,Unnamed: 10,Unnamed: 11,Unnamed: 12,Unnamed: 13,Unnamed: 14,Unnamed: 15,Unnamed: 16,Unnamed: 17,Unnamed: 18,Unnamed: 19,Unnamed: 20,Unnamed: 21,Unnamed: 22,Unnamed: 23,Unnamed: 24,Unnamed: 25,Unnamed: 26,Unnamed: 27,Unnamed: 28,Unnamed: 29,Unnamed: 30,Unnamed: 31,Unnamed: 32,Unnamed: 33,Unnamed: 34,Unnamed: 35,Unnamed: 36,Unnamed: 37,Unnamed: 38,Unnamed: 39,Unnamed: 40,Unnamed: 41,Unnamed: 42,Unnamed: 43,Unnamed: 44,Unnamed: 45,Unnamed: 46,Unnamed: 47,Unnamed: 48,Unnamed: 49,Unnamed: 50,Unnamed: 51,Unnamed: 52,Unnamed: 53,Unnamed: 54,Unnamed: 55,Unnamed: 56,Unnamed: 57,Unnamed: 58,Unnamed: 59,Unnamed: 60,Unnamed: 61
,,TOTAL UNIDADES TERMINADAS,,,,,,,3816,1803.0,0.46297946450389027,4286,1987.0,0.45555188703914923,4538,1771.0,0.6056095633765322,5713,2583.0,0.46410047501191365,4667,2676.0,0.6651384234100611,0,0.0,0,,,,23020,,,,,,,,,,,,,,,,,,,,,,,,,,,,,,,
,,TOTAL KILOS TERMINADOS,,,,,,,2316.282,1072.391,,2504.7970000000005,1141.065,,3298.082,1997.35,,2927.2950000000005,1358.559,,2376.585,1580.7580000000003,,0,0.0,,,,,13423.041000000001,,,,,,,,,,,,,,,,,,,,,,,,,,,,,,,
,,VALORIZACIÓN,,,,,,,6337172.4,3111778.66,,6584763.300000001,2944151.8,,8590790.09,5024412.92,,7786646.268000001,3490277.8000000003,,6361709.76,3851266.5300000003,,0,0.0,,,,,35661081.817999996,,,,,,,,,,,,,,,,,,,,,,,,,,,,,,,
,,,,,,,,,,,,,,,,,,,,,,,,,,,H/H,,,,,,,,,,,,,,,,,,,,,,,,,,,,,,,,,,
,SEMANA N°,12,,,,,,,,,,,,,,,,,,,,,,,,,,,,169.9751847302794,,176.6373056958338,,176.06784893768588,,170.5572127171311,,147.12206064285067,,0,,,,,,,,,,,,,,,,,,,,,
ITEM,MAQ,PRODUCTO,OT,PROCESO,PESO,STD DÍA,FABRICAR,SALDO,LUNES,,%,MARTES,,%,MIERCOLES,,%,JUEVES,,%,VIERNES,,%,SABADO,,%,N° OP,Hrs,hrs,LUNES,,MARTES,,MIERCOLES,,JUEVES,,VIERNES,,SABADO,,$ KG,T,STD HORA,STD PRO,,SALDO,FABRICADO,,,,,,,,,,,,,
,,,,,,,,,,,,,,,,,,,,,,,,,,,,,,,,,,,,,,,,,,,,,,,,,,,,,,,,,,,,,
1,TIJERA UNI,"Barra Ojo 5/8x1,80mtrs",,CORTAR,3.037,1890,350,350,,0.0,,,0.0,,,0.0,,,0.0,,,0.0,,,0.0,,,,,,0.0,,0.0,,0.0,,0.0,,0.0,,0.0,,P,210,,"Barra Ojo 5/8x1,80mtrsCORTAR",350,0,,,,,,,,,,,,,
2,PF #1,"Barra Ojo 5/8x1,80mtrs",,ESTAMC,3.037,396,350,350,,0.0,,,0.0,,,0.0,,,0.0,,,0.0,,,0.0,,,,,,0.0,,0.0,,0.0,,0.0,,0.0,,0.0,,P,44,,"Barra Ojo 5/8x1,80mtrsESTAMC",350,0,,,,,,,,,,,,,
3,EX #15,"Barra Ojo 5/8x1,80mtrs",,REBARE,3.037,1125,350,350,,0.0,,,0.0,,,0.0,,,0.0,,,0.0,,,0.0,,,,,,0.0,,0.0,,0.0,,0.0,,0.0,,0.0,,P,125,,"Barra Ojo 5/8x1,80mtrsREBARE",350,0,,,,,,,,,,,,,
4,EX #15,"Barra Ojo 5/8x1,80mtrs",,REBARI,3.037,1125,350,350,,0.0,,,0.0,,,0.0,,,0.0,,,0.0,,,0.0,,,,,,0.0,,0.0,,0.0,,0.0,,0.0,,0.0,,P,125,,"Barra Ojo 5/8x1,80mtrsREBARI",350,0,,,,,,,,,,,,,
5,PUNT PER,"Barra Ojo 5/8x1,80mtrs",,PUPER ,3.037,990,350,350,,0.0,,,0.0,,,0.0,,,0.0,,,0.0,,,0.0,,,,,,0.0,,0.0,,0.0,,0.0,,0.0,,0.0,,P,110,,"Barra Ojo 5/8x1,80mtrsPUPER ",350,0,,,,,,,,,,,,,
6,TERR #4,"Barra Ojo 5/8x1,80mtrs",,TERRAJAR,3.037,675,350,350,,0.0,,,0.0,,,0.0,,,0.0,,,0.0,,,0.0,,,,,,0.0,,0.0,,0.0,,0.0,,0.0,,0.0,,P,75,,"Barra Ojo 5/8x1,80mtrsTERRAJAR",350,0,,,,,,,,,,,,,
7,TIJERA #2,"Tirafondo Nº2, 7/8x149",STOCK,CORTAR,0.552,4590,10511,4544,2000,2255.0,1.1275,1375,840.0,0.610909090909091,2000,1682.0,0.841,2000,0.0,0,1510,1190.0,0.7880794701986755,,0.0,,1,,,,3.9215686274509802,LG,2.696078431372549,,3.9215686274509802,,3.9215686274509802,,2.9607843137254903,,0.0,,P,510,,"Tirafondo Nº2, 7/8x149CORTAR",1626,5967,,,,,,,,,,,,,
8,PF #12,"Tirafondo Nº2, 7/8x149",STOCK,ESTAMC,0.552,1881,12177,4523,1881,1548.0,0.8229665071770335,1881,1549.0,0.823498139287613,1881,1459.0,0.7756512493354598,1881,1550.0,0.8240297713981924,1650,1548.0,0.9381818181818182,,0.0,,2,,,,18.0,BS-FL,18.0,,18.0,,18.0,,15.789473684210526,,0.0,,P,209,,"Tirafondo Nº2, 7/8x149ESTAMC",3003,7654,,,,,,,,,,,,,
9,EX #14,"Tirafondo Nº2, 7/8x149",STOCK,REBARP,0.552,2547,15489,7985,1881,1000.0,0.531632110579479,1681,1160.0,0.6900654372397382,1681,2064.0,1.2278405710886378,1881,1570.0,0.834662413609782,1581,1710.0,1.081593927893738,,0.0,,1,,,,6.646643109540636,EL,5.939929328621908,,5.939929328621908,,6.646643109540636,,5.586572438162544,,0.0,,P,283,,"Tirafondo Nº2, 7/8x149REBARP",6784,7504,,,,,,,,,,,,,
10,PUNT TIR,"Tirafondo Nº2, 7/8x149",STOCK,PUTIR,0.552,1800,16321,8923,1800,1800.0,1,1800,1611.0,0.895,1800,806.0,0.4477777777777778,1800,1570.0,0.8722222222222222,1600,1611.0,1.006875,,0.0,,1,,,,9.0,LC,9.0,,9.0,,9.0,,8.0,,0.0,,P,200,,"Tirafondo Nº2, 7/8x149PUTIR",7521,7398,,,,,,,,,,,,,
11,LAMIN TIR,"Tirafondo Nº2, 7/8x149",STOCK,LAMINAR,0.552,1989,16261,8814,1881,1550.0,0.8240297713981924,1881,1550.0,0.8240297713981924,1881,1300.0,0.6911217437533227,1881,1547.0,0.822434875066454,1650,1500.0,0.9090909090909091,,0.0,,2,,,,17.02262443438914,FV-CB,17.02262443438914,,17.02262443438914,,17.02262443438914,,14.93212669683258,,0.0,2000,T,221,,"Tirafondo Nº2, 7/8x149LAMINAR",7087,7447,,,,,,,,,,,,,
12,TIJERA #1,"Grillete recto 14mm, perf.18",,CORTAR,0.322,4050,0,0,,0.0,,,0.0,,,0.0,,,0.0,,,0.0,,,0.0,,1,,,,0.0,,0.0,,0.0,,0.0,,0.0,,0.0,,P,450,,"Grillete recto 14mm, perf.18CORTAR",0,0,,,,,,,,,,,,,
13,PF #4,"Grillete recto 14mm, perf.18",,ESTAC1,0.322,1332,765,309,765,146.0,0.19084967320261437,620,310.0,0.5,309,0.0,0,309,0.0,0,,0.0,,,0.0,,1,,,,5.168918918918919,,4.1891891891891895,,2.0878378378378377,,2.0878378378378377,,0.0,,0.0,,P,148,,"Grillete recto 14mm, perf.18ESTAC1",-1238,456,,,,,,,,,,,,,
14,PF #4,"Grillete recto 14mm, perf.18",,ESTAC2,0.322,1458,1465,365,540,770.0,1.4259259259259258,695,0.0,0,695,330.0,0.4748201438848921,365,0.0,0,360,0.0,0,,0.0,,1,,,,3.3333333333333335,,4.290123456790123,,4.290123456790123,,2.253086419753086,,2.2222222222222223,,0.0,,P,162,,"Grillete recto 14mm, perf.18ESTAC2",-1190,1100,,,,,,,,,,,,,
15,EX #17,"Grillete recto 14mm, perf.18",,REBARE,0.322,2160,1465,355,,0.0,,770,50.0,0.06493506493506493,1415,1005.0,0.7102473498233216,410,55.0,0.13414634146341464,360,0.0,0,,0.0,,1,,,,0.0,,3.2083333333333335,,5.895833333333333,,1.7083333333333333,,1.5,,0.0,,P,240,,"Grillete recto 14mm, perf.18REBARE",-1490,1110,,,,,,,,,,,,,
16,EX #15,"Grillete recto 14mm, perf.18",,PERFOR,0.322,2025,1465,363,,0.0,,,0.0,,1465,486.0,0.331740614334471,979,616.0,0.6292134831460674,360,0.0,0,,0.0,,1,,,,0.0,,0.0,,6.511111111111111,,4.351111111111111,,1.6,,0.0,,P,225,,"Grillete recto 14mm, perf.18PERFOR",-1339,1102,,,,,,,,,,,,,
17,PF #11,"Grillete recto 14mm, perf.18",,PLANCHAR,0.322,1845,1465,372,,0.0,,,0.0,,1465,110.0,0.07508532423208192,979,983.0,1.0040858018386107,360,0.0,0,,0.0,,1,,,,0.0,,0.0,,7.146341463414634,,4.775609756097561,,1.7560975609756098,,0.0,,P,205,,"Grillete recto 14mm, perf.18PLANCHAR",-1339,1093,,,,,,,,,,,,,
18,PF #5,"Grillete recto 14mm, perf.18",,FORJAR,0.322,774,1465,620,,0.0,,,0.0,,545,180.0,0.3302752293577982,774,440.0,0.5684754521963824,680,225.0,0.33088235294117646,,0.0,,1,,,,0.0,TC,0.0,,6.337209302325581,,9.0,,7.906976744186046,,0.0,2881,T,86,,"Grillete recto 14mm, perf.18FORJAR",-534,845,,,,,,,,,,,,,
19,MAQ LASER,Soporte Susp. p/DAC Preensamblado,,CORTAR,0.34,1422,285,285,285,0.0,0,,0.0,,,0.0,,,0.0,,,0.0,,,0.0,,1,,,,1.8037974683544304,,0.0,,0.0,,0.0,,0.0,,0.0,,P,158,,Soporte Susp. p/DAC PreensambladoCORTAR,0,0,,,,,,,,,,,,,
20,PF #2,Soporte Susp. p/DAC Preensamblado,,ACANAL,0.34,1800,1200,284,1200,0.0,0,1200,916.0,0.7633333333333333,,0.0,,,0.0,,,0.0,,,0.0,,1,,,,6.0,EL,6.0,,0.0,,0.0,,0.0,,0.0,,P,200,,Soporte Susp. p/DAC PreensambladoACANAL,-1200,916,,,,,,,,,,,,,
21,TIJERA #1,Soporte Susp. p/DAC Preensamblado,,CORTG1,0.34,5400,0,0,,0.0,,,0.0,,,0.0,,,0.0,,,0.0,,,0.0,,1,,,,0.0,,0.0,,0.0,,0.0,,0.0,,0.0,,P,600,,Soporte Susp. p/DAC PreensambladoCORTG1,0,0,,,,,,,,,,,,,
22,TIJERA #1,Soporte Susp. p/DAC Preensamblado,,CORTG2,0.34,5400,0,0,,0.0,,,0.0,,,0.0,,,0.0,,,0.0,,,0.0,,1,,,,0.0,,0.0,,0.0,,0.0,,0.0,,0.0,,P,600,,Soporte Susp. p/DAC PreensambladoCORTG2,0,0,,,,,,,,,,,,,
23,PF #11,Soporte Susp. p/DAC Preensamblado,,DOBLAF1,0.34,2250,0,0,,0.0,,,0.0,,,0.0,,,0.0,,,0.0,,,0.0,,1,,,,0.0,,0.0,,0.0,,0.0,,0.0,,0.0,,P,250,,Soporte Susp. p/DAC PreensambladoDOBLAF1,0,0,,,,,,,,,,,,,
24,PF #11,Soporte Susp. p/DAC Preensamblado,,DOBLAF2,0.34,2250,0,0,,0.0,,,0.0,,,0.0,,,0.0,,,0.0,,,0.0,,,,,,0.0,,0.0,,0.0,,0.0,,0.0,,0.0,,P,250,,Soporte Susp. p/DAC PreensambladoDOBLAF2,0,0,,,,,,,,,,,,,
25,SOLD MIG #1,Soporte Susp. p/DAC Preensamblado,,SOLDAR,0.34,315,1200,1200,,0.0,,,0.0,,,0.0,,,0.0,,,0.0,,,0.0,,1,,,,0.0,EB,0.0,,0.0,,0.0,,0.0,,0.0,5000,T,35,,Soporte Susp. p/DAC PreensambladoSOLDAR,1200,0,,,,,,,,,,,,,
26,EX #12,Soporte Extension ADSS GV 240x50x8MM,STOCK,CORTPE,0.58,2520,1448,1448,,0.0,,,0.0,,,0.0,,,0.0,,,0.0,,,0.0,,,,,,0.0,,0.0,,0.0,,0.0,,0.0,,0.0,,P,280,,Soporte Extension ADSS GV 240x50x8MMCORTPE,1448,0,,,,,,,,,,,,,
27,PF #13,Soporte Extension ADSS GV 240x50x8MM,STOCK,ESTAMC,0.58,504,3830,3830,504,0.0,0,504,0.0,0,504,0.0,0,504,0.0,0,450,0.0,0,,0.0,,1,,,,9.0,,9.0,,9.0,,9.0,,8.035714285714286,,0.0,2500,T,56,,Soporte Extension ADSS GV 240x50x8MMESTAMC,1364,0,,,,,,,,,,,,,
28,ESMERIL,Soporte Extension ADSS GV 240x50x8MM,STOCK,ESMERIL,0.58,810,3830,3830,,0.0,,,0.0,,,0.0,,,0.0,,,0.0,,,0.0,,1,,,,0.0,,0.0,,0.0,,0.0,,0.0,,0.0,,P,90,,Soporte Extension ADSS GV 240x50x8MMESMERIL,3830,0,,,,,,,,,,,,,
29,TIJERA #2,Eslabón Angular Estampado perf.18,,CORTAR,0.453,1845,0,0,,0.0,,,0.0,,,0.0,,,0.0,,,0.0,,,0.0,,,,,,0.0,,0.0,,0.0,,0.0,,0.0,,0.0,,P,205,,Eslabón Angular Estampado perf.18CORTAR,0,0,,,,,,,,,,,,,
30,PF #1,Eslabón Angular Estampado perf.18,,ESTAMC,0.453,342,550,550,,0.0,,,0.0,,,0.0,,,0.0,,,0.0,,,0.0,,1,,,,0.0,VH,0.0,,0.0,,0.0,,0.0,,0.0,,P,38,,Eslabón Angular Estampado perf.18ESTAMC,550,0,,,,,,,,,,,,,
31,EX #15,Eslabón Angular Estampado perf.18,STOCK,REBARE,0.453,1530,550,-5,450,555.0,1.2333333333333334,,0.0,,,0.0,,,0.0,,,0.0,,,0.0,,1,,,,2.6470588235294117,,0.0,,0.0,,0.0,,0.0,,0.0,,P,170,,Eslabón Angular Estampado perf.18REBARE,100,555,,,,,,,,,,,,,
32,EX #15,Eslabón Angular Estampado perf.18,STOCK,PERFRE,0.453,1440,550,-5,450,0.0,0,550,555.0,1.009090909090909,,0.0,,,0.0,,,0.0,,,0.0,,1,,,,2.8125,,3.4375,,0.0,,0.0,,0.0,,0.0,,P,160,,Eslabón Angular Estampado perf.18PERFRE,-450,555,,,,,,,,,,,,,
33,EX #15,Eslabón Angular Estampado perf.18,STOCK,PERFOV,0.453,1440,550,-5,450,0.0,0,550,0.0,0,350,0.0,0,550,555.0,1.009090909090909,,0.0,,,0.0,,1,,,,2.8125,,3.4375,,2.1875,,3.4375,,0.0,,0.0,,P,160,,Eslabón Angular Estampado perf.18PERFOV,-1350,555,,,,,,,,,,,,,
34,PF #2,Eslabón Angular Estampado perf.18,STOCK,DOBLAF,0.453,3447,550,-5,450,0.0,0,550,0.0,0,,0.0,,550,555.0,1.009090909090909,,0.0,,,0.0,,1,,,,1.174934725848564,,1.4360313315926894,,0.0,,1.4360313315926894,,0.0,,0.0,2600,T,383,,Eslabón Angular Estampado perf.18DOBLAF,-1000,555,,,,,,,,,,,,,
35,PERNSA CH,PEINETA DISUASIVA         10004698 1 X 1    ,,CORT 25X3,2.65,1980,277,277,,0.0,,,0.0,,,0.0,,,0.0,,,0.0,,,0.0,,,,,,0.0,,0.0,,0.0,,0.0,,0.0,,0.0,,P,220,,PEINETA DISUASIVA         10004698 1 X 1    CORT 25X3,277,0,,,,,,,,,,,,,
36,PRENSA CH,PEINETA DISUASIVA         PLET 25X5X210    ,,CORT 25X5,0.0218,3519,554,554,,0.0,,,0.0,,,0.0,,,0.0,,,0.0,,,0.0,,1,,,,0.0,,0.0,,0.0,,0.0,,0.0,,0.0,,P,391,,PEINETA DISUASIVA         PLET 25X5X210    CORT 25X5,554,0,,,,,,,,,,,,,
37,EX #15,PEINETA DISUASIVA         PLET 25X5X210    ,,PERF 25X5,0.0218,2700,1000,1000,,0.0,,750,0.0,0,,0.0,,350,0.0,0,1000,0.0,0,,0.0,,1,,,,0.0,,2.5,,0.0,,1.1666666666666667,,3.3333333333333335,,0.0,,P,300,,PEINETA DISUASIVA         PLET 25X5X210    PERF 25X5,-1100,0,,,,,,,,,,,,,
38,EX #17,PEINETA DISUASIVA         PLET 25X5X210    ,,DOBL 25X5,0.0218,1350,1000,1000,,0.0,,750,0.0,0,,0.0,,350,0.0,0,650,0.0,0,,0.0,,1,,,,0.0,,5.0,,0.0,,2.3333333333333335,,4.333333333333333,,0.0,,P,150,,PEINETA DISUASIVA         PLET 25X5X210    DOBL 25X5,-750,0,,,,,,,,,,,,,
39,MIG #2,PEINETA DISUASIVA         PLET 25X5X210    ,,SOLD M8,0.0218,315,1354,1354,,0.0,,,0.0,,,0.0,,,0.0,,,0.0,,,0.0,,1,,,,0.0,,0.0,,0.0,,0.0,,0.0,,0.0,,P,35,,PEINETA DISUASIVA         PLET 25X5X210    SOLD M8,1354,0,,,,,,,,,,,,,
40,TIJERA #1,PEINETA DISUASIVA         PUA 300    ,,CORT PUA300,0.07,5400,8724,8724,,0.0,,,0.0,,,0.0,,,0.0,,,0.0,,,0.0,,1,,,,0.0,,0.0,,0.0,,0.0,,0.0,,0.0,,P,600,,PEINETA DISUASIVA         PUA 300    CORT PUA300,8724,0,,,,,,,,,,,,,
41,ESMERIL #1,PEINETA DISUASIVA         PUA 300    ,,ESME PUA300,0.07,1620,7084,7084,,0.0,,,0.0,,,0.0,,,0.0,,990,0.0,0,,0.0,,1,,,,0.0,,0.0,,0.0,,0.0,,5.5,,0.0,,P,180,,PEINETA DISUASIVA         PUA 300    ESME PUA300,6094,0,,,,,,,,,,,,,
42,TIJERA #1,PEINETA DISUASIVA         PUA 150,,CORT PUA150,0.035,5400,3955,3955,,0.0,,,0.0,,,0.0,,,0.0,,1200,0.0,0,,0.0,,1,,,,0.0,LG,0.0,,0.0,,0.0,,2.0,,0.0,,P,600,,PEINETA DISUASIVA         PUA 150CORT PUA150,2755,0,,,,,,,,,,,,,
43,ESMERIL #1,PEINETA DISUASIVA         PUA 150,,ESME PUA150,0.035,1620,7090,7090,,0.0,,,0.0,,,0.0,,,0.0,,450,0.0,0,,0.0,,1,,,,0.0,,0.0,,0.0,,0.0,,2.5,,0.0,,P,180,,PEINETA DISUASIVA         PUA 150ESME PUA150,6640,0,,,,,,,,,,,,,
44,MIG #1,PEINETA DISUASIVA         10004698 1 X 1    ,,SOLDAR,2.65,45,658,658,,0.0,,,0.0,,,0.0,,,0.0,,40,0.0,0,,0.0,,2,,,,0.0,,0.0,,0.0,,0.0,,16.0,,0.0,6805,T,5,,PEINETA DISUASIVA         10004698 1 X 1    SOLDAR,618,0,,,,,,,,,,,,,
45,TIJERA #2,"Espiga 3/4x155x210 caps.1"" Poliamida",STOCK,CORTAR,0.507,4050,0,0,,0.0,,,0.0,,,0.0,,,0.0,,,0.0,,,0.0,,1,,,,0.0,LG,0.0,,0.0,,0.0,,0.0,,0.0,,P,450,,"Espiga 3/4x155x210 caps.1"" PoliamidaCORTAR",0,0,,,,,,,,,,,,,
46,PF #6,"Espiga 3/4x155x210 caps.1"" Poliamida",STOCK,ESTAMC,0.507,1017,0,0,,0.0,,,0.0,,,0.0,,,0.0,,,0.0,,,0.0,,1,,,,0.0,,0.0,,0.0,,0.0,,0.0,,0.0,,P,113,,"Espiga 3/4x155x210 caps.1"" PoliamidaESTAMC",0,0,,,,,,,,,,,,,
47,EX #14,"Espiga 3/4x155x210 caps.1"" Poliamida",STOCK,REBARES,0.507,2250,0,0,,0.0,,,0.0,,,0.0,,,0.0,,,0.0,,,0.0,,1,,,,0.0,EL,0.0,,0.0,,0.0,,0.0,,0.0,,P,250,,"Espiga 3/4x155x210 caps.1"" PoliamidaREBARES",0,0,,,,,,,,,,,,,
48,PUNT2CAB,"Espiga 3/4x155x210 caps.1"" Poliamida",STOCK,REBAJA,0.507,1350,150,-10,150,160.0,1.0666666666666667,,0.0,,,0.0,,,0.0,,,0.0,,,0.0,,1,,,,1.0,,0.0,,0.0,,0.0,,0.0,,0.0,,P,150,,"Espiga 3/4x155x210 caps.1"" PoliamidaREBAJA",0,160,,,,,,,,,,,,,
49,PF #2,"Espiga 3/4x155x210 caps.1"" Poliamida",STOCK,ESTRIA,0.507,2070,200,-13,200,213.0,1.065,,0.0,,,0.0,,,0.0,,,0.0,,,0.0,,1,,,,0.8695652173913043,RM,0.0,,0.0,,0.0,,0.0,,0.0,6460,T,230,,"Espiga 3/4x155x210 caps.1"" PoliamidaESTRIA",0,213,,,,,,,,,,,,,
50,PUNT ARC,"Espiga 3/4x155x210 caps.1"" Poliamida",STOCK,PUNTEAR,0.507,2250,200,200,,0.0,,,0.0,,,0.0,,,0.0,,,0.0,,,0.0,,1,,,,0.0,,0.0,,0.0,,0.0,,0.0,,0.0,,P,250,,"Espiga 3/4x155x210 caps.1"" PoliamidaPUNTEAR",200,0,,,,,,,,,,,,,
51,TERR #2,"Espiga 3/4x155x210 caps.1"" Poliamida",STOCK,TERRAJAR,0.507,990,200,200,,0.0,,,0.0,,,0.0,,,0.0,,,0.0,,,0.0,,1,,,,0.0,,0.0,,0.0,,0.0,,0.0,,0.0,,T,110,,"Espiga 3/4x155x210 caps.1"" PoliamidaTERRAJAR",200,0,,,,,,,,,,,,,
52,TIJERA #2,"Espiga 3/4x155x295 caps.1.3/8"" Poliamida c/HOR",STOCK,CORTAR,0.741,4050,10000,10000,1000,0.0,0,,0.0,,,0.0,,,0.0,,,0.0,,,0.0,,1,,,,2.2222222222222223,,0.0,,0.0,,0.0,,0.0,,0.0,,P,450,,"Espiga 3/4x155x295 caps.1.3/8"" Poliamida c/HORCORTAR",9000,0,,,,,,,,,,,,,
53,PF #6,"Espiga 3/4x155x295 caps.1.3/8"" Poliamida c/HOR",,ESTAMC,0.741,1017,10000,10000,,0.0,,,0.0,,,0.0,,,0.0,,,0.0,,,0.0,,1,,,,0.0,RM,0.0,,0.0,,0.0,,0.0,,0.0,,P,113,,"Espiga 3/4x155x295 caps.1.3/8"" Poliamida c/HORESTAMC",10000,0,,,,,,,,,,,,,
54,EX #14,"Espiga 3/4x155x295 caps.1.3/8"" Poliamida c/HOR",,REBARES,0.741,2250,10000,10000,,0.0,,,0.0,,,0.0,,,0.0,,,0.0,,,0.0,,1,,,,0.0,,0.0,,0.0,,0.0,,0.0,,0.0,,P,250,,"Espiga 3/4x155x295 caps.1.3/8"" Poliamida c/HORREBARES",10000,0,,,,,,,,,,,,,
55,PF #11,"Espiga 3/4x155x295 caps.1.3/8"" Poliamida c/HOR",,ESTRIA,0.741,2070,10000,10000,,0.0,,,0.0,,,0.0,,,0.0,,,0.0,,,0.0,,1,,,,0.0,,0.0,,0.0,,0.0,,0.0,,0.0,,P,230,,"Espiga 3/4x155x295 caps.1.3/8"" Poliamida c/HORESTRIA",10000,0,,,,,,,,,,,,,
56,PUNT ARC,"Espiga 3/4x155x295 caps.1.3/8"" Poliamida c/HOR",,PUNTEAR,0.741,2250,10000,10000,,0.0,,,0.0,,,0.0,,,0.0,,,0.0,,,0.0,,1,,,,0.0,,0.0,,0.0,,0.0,,0.0,,0.0,,P,250,,"Espiga 3/4x155x295 caps.1.3/8"" Poliamida c/HORPUNTEAR",10000,0,,,,,,,,,,,,,
57,TERR #2,"Espiga 3/4x155x295 caps.1.3/8"" Poliamida c/HOR",,TERRAJAR,0.741,855,10000,10000,,0.0,,,0.0,,,0.0,,,0.0,,,0.0,,,0.0,,1,,,,0.0,,0.0,,0.0,,0.0,,0.0,,0.0,,T,95,,"Espiga 3/4x155x295 caps.1.3/8"" Poliamida c/HORTERRAJAR",10000,0,,,,,,,,,,,,,
58,MAQ LASER,ESPACIADOR DE LINEA B.T.  50 x 35 x 5 - 6 VI,,CORTAR,12,108,0,0,,0.0,,,0.0,,,0.0,,,0.0,,,0.0,,,0.0,,1,,,,0.0,,0.0,,0.0,,0.0,,0.0,,0.0,,P,12,,ESPACIADOR DE LINEA B.T.  50 x 35 x 5 - 6 VICORTAR,0,0,,,,,,,,,,,,,
59,NARGESA,ESPACIADOR DE LINEA B.T.  50 x 35 x 5 - 6 VI,,DOBLAF,12,117,0,0,,0.0,,,0.0,,,0.0,,,0.0,,,0.0,,,0.0,,,,,,0.0,,0.0,,0.0,,0.0,,0.0,,0.0,,P,13,,ESPACIADOR DE LINEA B.T.  50 x 35 x 5 - 6 VIDOBLAF,0,0,,,,,,,,,,,,,
60,MIG #2,ESPACIADOR DE LINEA B.T.  50 x 35 x 5 - 6 VI,,SOLDAR,12,36,91,31,36,0.0,0,36,0.0,0,36,25.0,0.6944444444444444,36,0.0,0,32,35.0,1.09375,,0.0,,1,,,,9.0,,9.0,,9.0,,9.0,,8.0,,0.0,2978,T,4,,ESPACIADOR DE LINEA B.T.  50 x 35 x 5 - 6 VISOLDAR,-85,60,,,,,,,,,,,,,
61,TIJERA #2,Perno riel FFCC BCY 7/8x115,STOCK,CORTAR,0.445,4590,0,0,,0.0,,,0.0,,,0.0,,,0.0,,,0.0,,,0.0,,1,,,,0.0,,0.0,,0.0,,0.0,,0.0,,0.0,,P,510,,Perno riel FFCC BCY 7/8x115CORTAR,0,0,,,,,,,,,,,,,
62,PF #6,Perno riel FFCC BCY 7/8x115,STOCK,ESTAMC,0.445,1215,615,0,615,100.0,0.16260162601626016,515,515.0,1,,0.0,,,0.0,,,0.0,,,0.0,,1,,,,4.555555555555555,,3.814814814814815,,0.0,,0.0,,0.0,,0.0,,P,135,,Perno riel FFCC BCY 7/8x115ESTAMC,-515,615,,,,,,,,,,,,,
63,EX #14,Perno riel FFCC BCY 7/8x115,STOCK,REBARP,0.445,2547,615,-12,,0.0,,615,627.0,1.0195121951219512,,0.0,,,0.0,,,0.0,,,0.0,,1,,,,0.0,,2.1731448763250882,,0.0,,0.0,,0.0,,0.0,,P,283,,Perno riel FFCC BCY 7/8x115REBARP,0,627,,,,,,,,,,,,,
64,PUNT ARC,Perno riel FFCC BCY 7/8x115,STOCK,PUNTEAR,0.445,2520,0,0,,0.0,,,0.0,,,0.0,,,0.0,,,0.0,,,0.0,,1,,,,0.0,,0.0,,0.0,,0.0,,0.0,,0.0,,P,280,,Perno riel FFCC BCY 7/8x115PUNTEAR,0,0,,,,,,,,,,,,,
65,TERR #4,Perno riel FFCC BCY 7/8x115,STOCK,TERRAJAR,0.445,873,615,-8,,0.0,,615,397.0,0.6455284552845528,218,226.0,1.036697247706422,,0.0,,,0.0,,,0.0,,1,,,,0.0,,6.34020618556701,,2.247422680412371,,0.0,,0.0,,0.0,3000,T,97,,Perno riel FFCC BCY 7/8x115TERRAJAR,-218,623,,,,,,,,,,,,,
66,TIJERA #2,Perno Talón Aguja DJKZ  1xM305   1045,,CORTAR,1.467,3150,150,150,150,0.0,0,,0.0,,150,0.0,0,150,0.0,0,150,0.0,0,,0.0,,1,,,,0.42857142857142855,,0.0,,0.42857142857142855,,0.42857142857142855,,0.42857142857142855,,0.0,,P,350,,Perno Talón Aguja DJKZ  1xM305   1045CORTAR,-450,0,,,,,,,,,,,,,
67,PF #3,Perno Talón Aguja DJKZ  1xM305   1045,,ESTAMC,1.467,1170,150,150,,0.0,,,0.0,,,0.0,,,0.0,,,0.0,,,0.0,,1,,,,0.0,,0.0,,0.0,,0.0,,0.0,,0.0,,P,130,,Perno Talón Aguja DJKZ  1xM305   1045ESTAMC,150,0,,,,,,,,,,,,,
68,REBTOR,Perno Talón Aguja DJKZ  1xM305   1045,,REBARP,1.467,1350,150,150,,0.0,,,0.0,,,0.0,,,0.0,,,0.0,,,0.0,,1,,,,0.0,,0.0,,0.0,,0.0,,0.0,,0.0,,P,150,,Perno Talón Aguja DJKZ  1xM305   1045REBARP,150,0,,,,,,,,,,,,,
69,PUNT ARC,Perno Talón Aguja DJKZ  1xM305   1045,,PUNTEAR,1.467,1800,150,150,,0.0,,,0.0,,,0.0,,,0.0,,,0.0,,,0.0,,1,,,,0.0,,0.0,,0.0,,0.0,,0.0,,0.0,,P,200,,Perno Talón Aguja DJKZ  1xM305   1045PUNTEAR,150,0,,,,,,,,,,,,,
70,TERR #1,Perno Talón Aguja DJKZ  1xM305   1045,,TERRAJAR,1.467,540,150,150,,0.0,,,0.0,,,0.0,,,0.0,,,0.0,,,0.0,,1,,,,0.0,,0.0,,0.0,,0.0,,0.0,,0.0,,T,60,,Perno Talón Aguja DJKZ  1xM305   1045TERRAJAR,150,0,,,,,,,,,,,,,
71,MAQ LASER,ESPACIADOR DE LINEA B.T.  50 x 35 x 5 - 6 VI,,CORTAR,12,108,350,350,,0.0,,,0.0,,,0.0,,,0.0,,,0.0,,,0.0,,1,,,,0.0,,0.0,,0.0,,0.0,,0.0,,0.0,,P,12,,ESPACIADOR DE LINEA B.T.  50 x 35 x 5 - 6 VICORTAR,350,0,,,,,,,,,,,,,
72,NARGESA,ESPACIADOR DE LINEA B.T.  50 x 35 x 5 - 6 VI,,DOBLAF,12,117,350,350,,0.0,,,0.0,,,0.0,,,0.0,,,0.0,,,0.0,,1,,,,0.0,,0.0,,0.0,,0.0,,0.0,,0.0,,P,13,,ESPACIADOR DE LINEA B.T.  50 x 35 x 5 - 6 VIDOBLAF,350,0,,,,,,,,,,,,,
73,MIG #1,ESPACIADOR DE LINEA B.T.  50 x 35 x 5 - 6 VI,,SOLDAR,12,36,350,350,,0.0,,,0.0,,,0.0,,,0.0,,,0.0,,,0.0,,1,,,,0.0,,0.0,,0.0,,0.0,,0.0,,0.0,,T,4,,ESPACIADOR DE LINEA B.T.  50 x 35 x 5 - 6 VISOLDAR,350,0,,,,,,,,,,,,,
74,TIJERA #1,Perno Cab Cuad 5/8x2.1/2,,CORTAR,0.148,4950,3900,3400,1500,500.0,0.3333333333333333,,0.0,,,0.0,,,0.0,,,0.0,,,0.0,,1,,,,2.727272727272727,,0.0,,0.0,,0.0,,0.0,,0.0,,P,550,,Perno Cab Cuad 5/8x2.1/2CORTAR,2400,500,,,,,,,,,,,,,
75,PF #5,Perno Cab Cuad 5/8x2.1/2,,ESTAMC,0.148,1485,6400,5345,1485,655.0,0.44107744107744107,1485,0.0,0,480,400.0,0.8333333333333334,,0.0,,,0.0,,,0.0,,1,,,,9.0,,9.0,,2.909090909090909,,0.0,,0.0,,0.0,,P,165,,Perno Cab Cuad 5/8x2.1/2ESTAMC,2950,1055,,,,,,,,,,,,,
76,EX #14,Perno Cab Cuad 5/8x2.1/2,,REBARP,0.148,4005,6400,5347,,0.0,,655,650.0,0.9923664122137404,,0.0,,400,403.0,1.0075,,0.0,,,0.0,,1,,,,0.0,,1.4719101123595506,,0.0,,0.898876404494382,,0.0,,0.0,,P,445,,Perno Cab Cuad 5/8x2.1/2REBARP,5345,1053,,,,,,,,,,,,,
77,PUNT ARC,Perno Cab Cuad 5/8x2.1/2,,PUNTEAR,0.148,2970,5900,5347,,0.0,,655,155.0,0.2366412213740458,,0.0,,400,398.0,0.995,,0.0,,,0.0,,1,,,,0.0,,1.9848484848484849,,0.0,,1.2121212121212122,,0.0,,0.0,,P,330,,Perno Cab Cuad 5/8x2.1/2PUNTEAR,4845,553,,,,,,,,,,,,,
78,TERR #1,Perno Cab Cuad 5/8x2.1/2,,TERRAJAR,0.148,1575,6400,5904,,0.0,,655,0.0,0,650,0.0,0,1050,0.0,0,1050,496.0,0.4723809523809524,,0.0,,1,,,,0.0,,3.742857142857143,,3.7142857142857144,,6.0,,6.0,,0.0,2385,T,175,,Perno Cab Cuad 5/8x2.1/2TERRAJAR,2995,496,,,,,,,,,,,,,
79,TIJERA UNI,Abrazadera 1/2x10.1/2,,CORTAR,0.72,1350,500,500,,0.0,,,0.0,,,0.0,,,0.0,,,0.0,,,0.0,,1,,,,0.0,,0.0,,0.0,,0.0,,0.0,,0.0,,P,150,,Abrazadera 1/2x10.1/2CORTAR,500,0,,,,,,,,,,,,,
80,PF #6,Abrazadera 1/2x10.1/2,,DOBLAF,0.72,2250,500,500,,0.0,,,0.0,,,0.0,,,0.0,,,0.0,,,0.0,,2,,,,0.0,,0.0,,0.0,,0.0,,0.0,,0.0,,P,250,,Abrazadera 1/2x10.1/2DOBLAF,500,0,,,,,,,,,,,,,
81,PUNT ARC,Abrazadera 1/2x10.1/2,,PUPER ,0.72,1350,500,500,,0.0,,,0.0,,,0.0,,,0.0,,,0.0,,,0.0,,1,,,,0.0,,0.0,,0.0,,0.0,,0.0,,0.0,,P,150,,Abrazadera 1/2x10.1/2PUPER ,500,0,,,,,,,,,,,,,
82,TERR #4,Abrazadera 1/2x10.1/2,,TERRAJAR,0.72,405,500,500,,0.0,,,0.0,,,0.0,,,0.0,,,0.0,,,0.0,,1,,,,0.0,,0.0,,0.0,,0.0,,0.0,,0.0,,T,45,,Abrazadera 1/2x10.1/2TERRAJAR,500,0,,,,,,,,,,,,,
83,MAQ LASER,Espaciador p/Tir. Recto 910x700x600-65 PZ1,,CORT1,4.27,126,34,34,,0.0,,,0.0,,,0.0,,,0.0,,,0.0,,,0.0,,1,,,,0.0,,0.0,,0.0,,0.0,,0.0,,0.0,,P,14,,Espaciador p/Tir. Recto 910x700x600-65 PZ1CORT1,34,0,,,,,,,,,,,,,
84,MAQ LASER,Espaciador p/Tir. Recto 910x700x600-65 PZ2,,CORT2,4.27,126,34,34,,0.0,,,0.0,,,0.0,,,0.0,,,0.0,,,0.0,,1,,,,0.0,,0.0,,0.0,,0.0,,0.0,,0.0,,P,14,,Espaciador p/Tir. Recto 910x700x600-65 PZ2CORT2,34,0,,,,,,,,,,,,,
85,MAQ LASER,Espaciador p/Tir. Recto 910x700x600-65 PZ3,,CORT3,4.27,126,34,34,,0.0,,,0.0,,,0.0,,,0.0,,,0.0,,,0.0,,1,,,,0.0,,0.0,,0.0,,0.0,,0.0,,0.0,,P,14,,Espaciador p/Tir. Recto 910x700x600-65 PZ3CORT3,34,0,,,,,,,,,,,,,
86,MIG #1,Espaciador p/Tir. Recto 910x700x600,,SOLDAR,12.8,27,34,34,,0.0,,,0.0,,,0.0,,,0.0,,,0.0,,,0.0,,1,,,,0.0,,0.0,,0.0,,0.0,,0.0,,0.0,,T,3,,Espaciador p/Tir. Recto 910x700x600SOLDAR,34,0,,,,,,,,,,,,,
87,PUNT BARRA,Barra 3/4 1020,STOCK,PUBARR,13.44,216,75,75,75,0.0,0,75,0.0,0,75,0.0,0,75,0.0,0,75,0.0,0,,0.0,,1,,,,3.125,,3.125,,3.125,,3.125,,3.125,,0.0,,P,24,,Barra 3/4 1020PUBARR,-300,0,,,,,,,,,,,,,
88,BANCO TREF,"Barra 3/4 a 18,8mm",STOCK,TREFILAR,13.44,162,75,75,75,0.0,0,75,0.0,0,75,0.0,0,75,0.0,0,75,0.0,0,,0.0,,1,,,,4.166666666666667,,4.166666666666667,,4.166666666666667,,4.166666666666667,,4.166666666666667,,0.0,,P,18,,"Barra 3/4 a 18,8mmTREFILAR",-300,0,,,,,,,,,,,,,
89,TIJERA #2,Perno Hex Cte 1/2x7x4A,STOCK,CORTAR,0.18,4950,0,0,,0.0,,,0.0,,,0.0,,,0.0,,,0.0,,,0.0,,,,,,0.0,,0.0,,0.0,,0.0,,0.0,,0.0,,P,550,,Perno Hex Cte 1/2x7x4ACORTAR,0,0,,,,,,,,,,,,,
90,PF #6,Perno Hex Cte 1/2x7x4A,STOCK,ESTAMC,0.18,1485,450,-323,450,773.0,1.7177777777777778,,0.0,,,0.0,,,0.0,,,0.0,,,0.0,,1,,,,2.727272727272727,,0.0,,0.0,,0.0,,0.0,,0.0,,P,165,,Perno Hex Cte 1/2x7x4AESTAMC,0,773,,,,,,,,,,,,,
91,REBTOR,Perno Hex Cte 1/2x7x4A,STOCK,REBARP,0.18,1620,700,-320,700,1020.0,1.457142857142857,,0.0,,,0.0,,,0.0,,,0.0,,,0.0,,1,,,,3.888888888888889,,0.0,,0.0,,0.0,,0.0,,0.0,,P,180,,Perno Hex Cte 1/2x7x4AREBARP,0,1020,,,,,,,,,,,,,
92,PUNT ARC,Perno Hex Cte 1/2x7x4A,STOCK,PUNTEAR,0.18,2700,700,700,700,0.0,0,,0.0,,,0.0,,,0.0,,,0.0,,,0.0,,1,,,,2.3333333333333335,,0.0,,0.0,,0.0,,0.0,,0.0,,P,300,,Perno Hex Cte 1/2x7x4APUNTEAR,0,0,,,,,,,,,,,,,
93,TERR #2,Perno Hex Cte 1/2x7x4A,STOCK,TERRAJAR,0.18,1035,700,700,700,0.0,0,,0.0,,,0.0,,,0.0,,,0.0,,,0.0,,1,,,,6.086956521739131,,0.0,,0.0,,0.0,,0.0,,0.0,2122,T,115,,Perno Hex Cte 1/2x7x4ATERRAJAR,0,0,,,,,,,,,,,,,
94,PERNSA CH,PEINETA DISUASIVA         10004697 1 X 1    ,,CORT 25X3,2.72,1980,0,0,,0.0,,,0.0,,,0.0,,,0.0,,,0.0,,,0.0,,,,,,0.0,,0.0,,0.0,,0.0,,0.0,,0.0,,P,220,,PEINETA DISUASIVA         10004697 1 X 1    CORT 25X3,0,0,,,,,,,,,,,,,
95,PRENSA CH,PEINETA DISUASIVA         PLET 25X5X240    ,,CORT 25X5,0.285,3519,0,0,,0.0,,,0.0,,,0.0,,,0.0,,,0.0,,,0.0,,,,,,0.0,,0.0,,0.0,,0.0,,0.0,,0.0,,P,391,,PEINETA DISUASIVA         PLET 25X5X240    CORT 25X5,0,0,,,,,,,,,,,,,
96,EX #15,PEINETA DISUASIVA         PLET 25X5X240    ,,PERF 25X5,0.285,2700,0,0,,0.0,,,0.0,,,0.0,,,0.0,,,0.0,,,0.0,,,,,,0.0,,0.0,,0.0,,0.0,,0.0,,0.0,,P,300,,PEINETA DISUASIVA         PLET 25X5X240    PERF 25X5,0,0,,,,,,,,,,,,,
97,EX #17,PEINETA DISUASIVA         PLET 25X5X240    ,,DOBL 25X5,0.285,1350,0,0,,0.0,,,0.0,,,0.0,,,0.0,,,0.0,,,0.0,,,,,,0.0,,0.0,,0.0,,0.0,,0.0,,0.0,,P,150,,PEINETA DISUASIVA         PLET 25X5X240    DOBL 25X5,0,0,,,,,,,,,,,,,
98,MIG #2,PEINETA DISUASIVA         PLET 25X5X240    ,,SOLD M8,0.285,315,400,400,,0.0,,,0.0,,,0.0,,,0.0,,,0.0,,,0.0,,,,,,0.0,,0.0,,0.0,,0.0,,0.0,,0.0,,P,35,,PEINETA DISUASIVA         PLET 25X5X240    SOLD M8,400,0,,,,,,,,,,,,,
99,TIJERA #1,PEINETA DISUASIVA         PUA 300    ,,CORT PUA300,0.07,5400,4400,4400,1500,0.0,0,,0.0,,,0.0,,,0.0,,,0.0,,,0.0,,1,,,,2.5,,0.0,,0.0,,0.0,,0.0,,0.0,,P,600,,PEINETA DISUASIVA         PUA 300    CORT PUA300,2900,0,,,,,,,,,,,,,
100,ESMERIL #1,PEINETA DISUASIVA         PUA 300    ,,ESME PUA300,0.07,1620,4400,3620,990,0.0,0,990,80.0,0.08080808080808081,990,700.0,0.7070707070707071,990,0.0,0,,0.0,,,0.0,,1,,,,5.5,,5.5,,5.5,,5.5,,0.0,,0.0,,P,180,,PEINETA DISUASIVA         PUA 300    ESME PUA300,440,780,,,,,,,,,,,,,
101,TIJERA #1,PEINETA DISUASIVA         PUA 150,,CORT PUA150,0.035,5400,2000,2000,,0.0,,,0.0,,1200,0.0,0,1200,0.0,0,,0.0,,,0.0,,1,,,,0.0,,0.0,,2.0,,2.0,,0.0,,0.0,,P,600,,PEINETA DISUASIVA         PUA 150CORT PUA150,-400,0,,,,,,,,,,,,,
102,ESMERIL #1,PEINETA DISUASIVA         PUA 150,,ESME PUA150,0.035,1620,2000,1080,450,200.0,0.4444444444444444,450,0.0,0,450,0.0,0,450,720.0,1.6,,0.0,,,0.0,,1,,,,2.5,,2.5,,2.5,,2.5,,0.0,,0.0,,P,180,,PEINETA DISUASIVA         PUA 150ESME PUA150,200,920,,,,,,,,,,,,,
103,MIG #1,PEINETA DISUASIVA         10004697 1 X 1    ,,SOLDAR,2.72,45,136,-8,45,40.0,0.8888888888888888,45,40.0,0.8888888888888888,45,23.0,0.5111111111111111,45,41.0,0.9111111111111111,,0.0,,,0.0,,2,,,,18.0,,18.0,,18.0,,18.0,,0.0,,0.0,6461,T,5,,PEINETA DISUASIVA         10004697 1 X 1    SOLDAR,-44,144,,,,,,,,,,,,,
104,TIJERA #2,Perno riel FFCC JDZ 1x130,,CORTAR,0.685,4230,1000,-8,,0.0,,1000,1008.0,1.008,,0.0,,,0.0,,,0.0,,,0.0,,1,,,,0.0,,2.127659574468085,,0.0,,0.0,,0.0,,0.0,,P,470,,Perno riel FFCC JDZ 1x130CORTAR,0,1008,,,,,,,,,,,,,
105,PF #7,Perno riel FFCC JDZ 1x130,,ESTAMC,0.685,1827,1000,750,,0.0,,,0.0,,,0.0,,,0.0,,480,250.0,0.5208333333333334,,0.0,,1,,,,0.0,,0.0,,0.0,,0.0,,2.3645320197044337,,0.0,,P,203,,Perno riel FFCC JDZ 1x130ESTAMC,520,250,,,,,,,,,,,,,
106,EX #14,Perno riel FFCC JDZ 1x130,,REBARP,0.685,2547,1000,1000,,0.0,,,0.0,,,0.0,,,0.0,,283,0.0,0,,0.0,,1,,,,0.0,,0.0,,0.0,,0.0,,1.0,,0.0,,P,283,,Perno riel FFCC JDZ 1x130REBARP,717,0,,,,,,,,,,,,,
107,PUNT ARC,Perno riel FFCC JDZ 1x130,,PUNTEAR,0.685,2070,1000,1000,,0.0,,,0.0,,,0.0,,,0.0,,,0.0,,,0.0,,,,,,0.0,,0.0,,0.0,,0.0,,0.0,,0.0,,P,230,,Perno riel FFCC JDZ 1x130PUNTEAR,1000,0,,,,,,,,,,,,,
108,TERR #1,Perno riel FFCC JDZ 1x130,,TERRAJAR,0.685,765,1000,1000,,0.0,,,0.0,,,0.0,,,0.0,,,0.0,,,0.0,,,,,,0.0,,0.0,,0.0,,0.0,,0.0,,0.0,,T,85,,Perno riel FFCC JDZ 1x130TERRAJAR,1000,0,,,,,,,,,,,,,
109,TIJERA #2,Perno riel FFCC KJX 1x140,,CORTAR,0.72,4230,1000,-17,,0.0,,1000,0.0,0,1000,0.0,0,1000,302.0,0.302,698,715.0,1.024355300859599,,0.0,,1,,,,0.0,,2.127659574468085,,2.127659574468085,,2.127659574468085,,1.4851063829787234,,0.0,,P,470,,Perno riel FFCC KJX 1x140CORTAR,-2698,1017,,,,,,,,,,,,,
110,PF #3,Perno riel FFCC KJX 1x140,,ESTAMC,0.72,1791,1000,1000,,0.0,,,0.0,,,0.0,,,0.0,,,0.0,,,0.0,,1,,,,0.0,,0.0,,0.0,,0.0,,0.0,,0.0,,P,199,,Perno riel FFCC KJX 1x140ESTAMC,1000,0,,,,,,,,,,,,,
111,EX #14,Perno riel FFCC KJX 1x140,,REBARP,0.72,2547,1000,1000,,0.0,,,0.0,,,0.0,,,0.0,,,0.0,,,0.0,,,,,,0.0,,0.0,,0.0,,0.0,,0.0,,0.0,,P,283,,Perno riel FFCC KJX 1x140REBARP,1000,0,,,,,,,,,,,,,
112,PUNT ARC,Perno riel FFCC KJX 1x140,,PUNTEAR,0.72,2070,1000,-30,,0.0,,,0.0,,,0.0,,,0.0,,1000,1030.0,1.03,,0.0,,1,,,,0.0,,0.0,,0.0,,0.0,,4.3478260869565215,,0.0,,P,230,,Perno riel FFCC KJX 1x140PUNTEAR,0,1030,,,,,,,,,,,,,
113,TERR #1,Perno riel FFCC KJX 1x140,,TERRAJAR,0.72,765,1000,1000,,0.0,,,0.0,,,0.0,,,0.0,,,0.0,,,0.0,,,,,,0.0,,0.0,,0.0,,0.0,,0.0,,0.0,,T,85,,Perno riel FFCC KJX 1x140TERRAJAR,1000,0,,,,,,,,,,,,,
114,TIJERA #2,Perno riel FFCC BCY 7/8x115,,CORTAR,0.445,4590,1000,-15,,0.0,,1000,1015.0,1.015,,0.0,,,0.0,,,0.0,,,0.0,,1,,,,0.0,,1.9607843137254901,,0.0,,0.0,,0.0,,0.0,,P,510,,Perno riel FFCC BCY 7/8x115CORTAR,0,1015,,,,,,,,,,,,,
115,PF #6,Perno riel FFCC BCY 7/8x115,,ESTAMC,0.445,1215,1000,-40,,0.0,,600,35.0,0.058333333333333334,965,0.0,0,965,700.0,0.7253886010362695,265,305.0,1.150943396226415,,0.0,,1,,,,0.0,,4.444444444444445,,7.148148148148148,,7.148148148148148,,1.962962962962963,,0.0,,P,135,,Perno riel FFCC BCY 7/8x115ESTAMC,-1795,1040,,,,,,,,,,,,,
116,EX #14,Perno riel FFCC BCY 7/8x115,,REBARP,0.445,2547,1000,121,,0.0,,,0.0,,965,0.0,0,665,593.0,0.8917293233082707,407,286.0,0.7027027027027027,,0.0,,1,,,,0.0,,0.0,,3.409893992932862,,2.34982332155477,,1.4381625441696113,,0.0,,P,283,,Perno riel FFCC BCY 7/8x115REBARP,-1037,879,,,,,,,,,,,,,
117,PUNT ARC,Perno riel FFCC BCY 7/8x115,,PUNTEAR,0.445,2520,1000,637,,0.0,,,0.0,,350,363.0,1.0371428571428571,,0.0,,,0.0,,,0.0,,1,,,,0.0,,0.0,,1.25,,0.0,,0.0,,0.0,,P,280,,Perno riel FFCC BCY 7/8x115PUNTEAR,650,363,,,,,,,,,,,,,
118,TERR #4,Perno riel FFCC BCY 7/8x115,,TERRAJAR,0.445,873,1000,572,,0.0,,,0.0,,650,8.0,0.012307692307692308,873,0.0,0,765,420.0,0.5490196078431373,,0.0,,1,,,,0.0,,0.0,,6.701030927835052,,9.0,,7.88659793814433,,0.0,3000,T,97,,Perno riel FFCC BCY 7/8x115TERRAJAR,-1288,428,,,,,,,,,,,,,
119,TIJERA UNI,Barra Ojo Soldado 7/8x2.94mtrs (Ojo Especial),,CORTAR,9.5,675,36,36,,0.0,,,0.0,,,0.0,,36,0.0,0,36,0.0,0,,0.0,,2,,,,0.0,,0.0,,0.0,,0.96,,0.96,,0.0,,P,75,,Barra Ojo Soldado 7/8x2.94mtrs (Ojo Especial)CORTAR,-36,0,,,,,,,,,,,,,
120,PF #2,Barra Ojo Soldado 7/8x2.94mtrs (Ojo Especial),,FORJAR,9.5,288,36,36,,0.0,,,0.0,,,0.0,,,0.0,,,0.0,,,0.0,,,,,,0.0,,0.0,,0.0,,0.0,,0.0,,0.0,,P,32,,Barra Ojo Soldado 7/8x2.94mtrs (Ojo Especial)FORJAR,36,0,,,,,,,,,,,,,
121,MIG #1,Barra Ojo Soldado 7/8x2.94mtrs (Ojo Especial),,SOLDAR,9.5,162,36,36,,0.0,,,0.0,,,0.0,,,0.0,,,0.0,,,0.0,,,,,,0.0,,0.0,,0.0,,0.0,,0.0,,0.0,,P,18,,Barra Ojo Soldado 7/8x2.94mtrs (Ojo Especial)SOLDAR,36,0,,,,,,,,,,,,,
122,PUNT ARC,Barra Ojo Soldado 7/8x2.94mtrs (Ojo Especial),,PUNTEAR,9.5,765,36,36,,0.0,,,0.0,,,0.0,,,0.0,,,0.0,,,0.0,,,,,,0.0,,0.0,,0.0,,0.0,,0.0,,0.0,,P,85,,Barra Ojo Soldado 7/8x2.94mtrs (Ojo Especial)PUNTEAR,36,0,,,,,,,,,,,,,
123,TERR #1,Barra Ojo Soldado 7/8x2.94mtrs (Ojo Especial),,TERRAJAR,9.5,540,36,36,,0.0,,,0.0,,,0.0,,,0.0,,,0.0,,,0.0,,,,,,0.0,,0.0,,0.0,,0.0,,0.0,,0.0,,T,60,,Barra Ojo Soldado 7/8x2.94mtrs (Ojo Especial)TERRAJAR,36,0,,,,,,,,,,,,,
124,SIERRA CIRC,VIGA IPE                  200x3500mm GV     ,,CORTAR,83.9,18,12,3,,0.0,,,0.0,,9,9.0,1,,0.0,,,0.0,,,0.0,,1,,,,0.0,,0.0,,4.5,,0.0,,0.0,,0.0,2400,T,2,,VIGA IPE                  200x3500mm GV     CORTAR,3,9,,,,,,,,,,,,,
125,,,,,,0,,0,,0.0,,,0.0,,,0.0,,,0.0,,,0.0,,,0.0,,,,,,0.0,,0.0,,0.0,,0.0,,0.0,,0.0,,,,,,0,0,,,,,,,,,,,,,
126,,,,,,0,,0,,0.0,,,0.0,,,0.0,,,0.0,,,0.0,,,0.0,,,,,,0.0,,0.0,,0.0,,0.0,,0.0,,0.0,,,,,,0,0,,,,,,,,,,,,,
127,,,,,,0,,0,,0.0,,,0.0,,,0.0,,,0.0,,,0.0,,,0.0,,,,,,0.0,,0.0,,0.0,,0.0,,0.0,,0.0,,,,,,0,0,,,,,,,,,,,,,
128,,,,,,0,,0,,0.0,,,0.0,,,0.0,,,0.0,,,0.0,,,0.0,,,,,,0.0,,0.0,,0.0,,0.0,,0.0,,0.0,,,,,,0,0,,,,,,,,,,,,,
129,,,,,,0,,0,,0.0,,,0.0,,,0.0,,,0.0,,,0.0,,,0.0,,,,,,0.0,,0.0,,0.0,,0.0,,0.0,,0.0,,,,,,0,0,,,,,,,,,,,,,
130,,,,,,0,,0,,0.0,,,0.0,,,0.0,,,0.0,,,0.0,,,0.0,,,,,,0.0,,0.0,,0.0,,0.0,,0.0,,0.0,,,,,,0,0,,,,,,,,,,,,,
131,,,,,,0,,0,,0.0,,,0.0,,,0.0,,,0.0,,,0.0,,,0.0,,,,,,0.0,,0.0,,0.0,,0.0,,0.0,,0.0,,,,,,0,0,,,,,,,,,,,,,
132,,,,,,0,,0,,0.0,,,0.0,,,0.0,,,0.0,,,0.0,,,0.0,,,,,,0.0,,0.0,,0.0,,0.0,,0.0,,0.0,,,,,,0,0,,,,,,,,,,,,,
133,,,,,,0,,0,,0.0,,,0.0,,,0.0,,,0.0,,,0.0,,,0.0,,,,,,0.0,,0.0,,0.0,,0.0,,0.0,,0.0,,,,,,0,0,,,,,,,,,,,,,
134,,,,,,0,,0,,0.0,,,0.0,,,0.0,,,0.0,,,0.0,,,0.0,,,,,,0.0,,0.0,,0.0,,0.0,,0.0,,0.0,,,,,,0,0,,,,,,,,,,,,,
135,,,,,,0,,0,,0.0,,,0.0,,,0.0,,,0.0,,,0.0,,,0.0,,,,,,0.0,,0.0,,0.0,,0.0,,0.0,,0.0,,,,,,0,0,,,,,,,,,,,,,
136,,,,,,0,,0,,0.0,,,0.0,,,0.0,,,0.0,,,0.0,,,0.0,,,,,,0.0,,0.0,,0.0,,0.0,,0.0,,0.0,,,,,,0,0,,,,,,,,,,,,,
137,,,,,,0,,0,,0.0,,,0.0,,,0.0,,,0.0,,,0.0,,,0.0,,,,,,0.0,,0.0,,0.0,,0.0,,0.0,,0.0,,,,,,0,0,,,,,,,,,,,,,
138,,,,,,0,,0,,0.0,,,0.0,,,0.0,,,0.0,,,0.0,,,0.0,,,,,,0.0,,0.0,,0.0,,0.0,,0.0,,0.0,,,,,,0,0,,,,,,,,,,,,,
139,,,,,,0,,0,,0.0,,,0.0,,,0.0,,,0.0,,,0.0,,,0.0,,,,,,0.0,,0.0,,0.0,,0.0,,0.0,,0.0,,,,,,0,0,,,,,,,,,,,,,
140,,,,,,0,,0,,0.0,,,0.0,,,0.0,,,0.0,,,0.0,,,0.0,,,,,,0.0,,0.0,,0.0,,0.0,,0.0,,0.0,,,,,,0,0,,,,,,,,,,,,,
141,,,,,,0,,0,,0.0,,,0.0,,,0.0,,,0.0,,,0.0,,,0.0,,,,,,0.0,,0.0,,0.0,,0.0,,0.0,,0.0,,,,,,0,0,,,,,,,,,,,,,
142,,,,,,0,,0,,0.0,,,0.0,,,0.0,,,0.0,,,0.0,,,0.0,,,,,,0.0,,0.0,,0.0,,0.0,,0.0,,0.0,,,,,,0,0,,,,,,,,,,,,,
143,,,,,,0,,0,,0.0,,,0.0,,,0.0,,,0.0,,,0.0,,,0.0,,,,,,0.0,,0.0,,0.0,,0.0,,0.0,,0.0,,,,,,0,0,,,,,,,,,,,,,
144,,,,,,0,,0,,0.0,,,0.0,,,0.0,,,0.0,,,0.0,,,0.0,,,,,,0.0,,0.0,,0.0,,0.0,,0.0,,0.0,,,,,,0,0,,,,,,,,,,,,,
145,,,,,,0,,0,,0.0,,,0.0,,,0.0,,,0.0,,,0.0,,,0.0,,,,,,0.0,,0.0,,0.0,,0.0,,0.0,,0.0,,,,,,0,0,,,,,,,,,,,,,
146,,,,,,0,,0,,0.0,,,0.0,,,0.0,,,0.0,,,0.0,,,0.0,,,,,,0.0,,0.0,,0.0,,0.0,,0.0,,0.0,,,,,,0,0,,,,,,,,,,,,,
147,,,,,,0,,0,,0.0,,,0.0,,,0.0,,,0.0,,,0.0,,,0.0,,,,,,0.0,,0.0,,0.0,,0.0,,0.0,,0.0,,,,,,0,0,,,,,,,,,,,,,
148,,,,,,0,,0,,0.0,,,0.0,,,0.0,,,0.0,,,0.0,,,0.0,,,,,,0.0,,0.0,,0.0,,0.0,,0.0,,0.0,,,,,,0,0,,,,,,,,,,,,,
149,,,,,,0,,0,,0.0,,,0.0,,,0.0,,,0.0,,,0.0,,,0.0,,,,,,0.0,,0.0,,0.0,,0.0,,0.0,,0.0,,,,,,0,0,,,,,,,,,,,,,
150,,,,,,0,,0,,0.0,,,0.0,,,0.0,,,0.0,,,0.0,,,0.0,,,,,,0.0,,0.0,,0.0,,0.0,,0.0,,0.0,,,,,,0,0,,,,,,,,,,,,,
151,,,,,,0,,0,,0.0,,,0.0,,,0.0,,,0.0,,,0.0,,,0.0,,,,,,0.0,,0.0,,0.0,,0.0,,0.0,,0.0,,,,,,0,0,,,,,,,,,,,,,
152,,,,,,0,,0,,0.0,,,0.0,,,0.0,,,0.0,,,0.0,,,0.0,,,,,,0.0,,0.0,,0.0,,0.0,,0.0,,0.0,,,,,,0,0,,,,,,,,,,,,,
153,,,,,,0,,0,,0.0,,,0.0,,,0.0,,,0.0,,,0.0,,,0.0,,,,,,0.0,,0.0,,0.0,,0.0,,0.0,,0.0,,,,,,0,0,,,,,,,,,,,,,
154,,,,,,0,,0,,0.0,,,0.0,,,0.0,,,0.0,,,0.0,,,0.0,,,,,,0.0,,0.0,,0.0,,0.0,,0.0,,0.0,,,,,,0,0,,,,,,,,,,,,,
155,,,,,,0,,0,,0.0,,,0.0,,,0.0,,,0.0,,,0.0,,,0.0,,,,,,0.0,,0.0,,0.0,,0.0,,0.0,,0.0,,,,,,0,0,,,,,,,,,,,,,
156,,,,,,0,,0,,0.0,,,0.0,,,0.0,,,0.0,,,0.0,,,0.0,,,,,,0.0,,0.0,,0.0,,0.0,,0.0,,0.0,,,,,,0,0,,,,,,,,,,,,,
157,,,,,,0,,0,,0.0,,,0.0,,,0.0,,,0.0,,,0.0,,,0.0,,,,,,0.0,,0.0,,0.0,,0.0,,0.0,,0.0,,,,,,0,0,,,,,,,,,,,,,
158,,,,,,0,,0,,0.0,,,0.0,,,0.0,,,0.0,,,0.0,,,0.0,,,,,,0.0,,0.0,,0.0,,0.0,,0.0,,0.0,,,,,,0,0,,,,,,,,,,,,,
159,,,,,,0,,0,,0.0,,,0.0,,,0.0,,,0.0,,,0.0,,,0.0,,,,,,0.0,,0.0,,0.0,,0.0,,0.0,,0.0,,,,,,0,0,,,,,,,,,,,,,
160,,,,,,0,,0,,0.0,,,0.0,,,0.0,,,0.0,,,0.0,,,0.0,,,,,,0.0,,0.0,,0.0,,0.0,,0.0,,0.0,,,,,,0,0,,,,,,,,,,,,,
161,,,,,,0,,0,,0.0,,,0.0,,,0.0,,,0.0,,,0.0,,,0.0,,,,,,0.0,,0.0,,0.0,,0.0,,0.0,,0.0,,,,,,0,0,,,,,,,,,,,,,
162,,,,,,0,,0,,0.0,,,0.0,,,0.0,,,0.0,,,0.0,,,0.0,,,,,,0.0,,0.0,,0.0,,0.0,,0.0,,0.0,,,,,,0,0,,,,,,,,,,,,,
163,,,,,,0,,0,,0.0,,,0.0,,,0.0,,,0.0,,,0.0,,,0.0,,,,,,0.0,,0.0,,0.0,,0.0,,0.0,,0.0,,,,,,0,0,,,,,,,,,,,,,
164,,,,,,0,,0,,0.0,,,0.0,,,0.0,,,0.0,,,0.0,,,0.0,,,,,,0.0,,0.0,,0.0,,0.0,,0.0,,0.0,,,,,,0,0,,,,,,,,,,,,,
165,,,,,,0,,0,,0.0,,,0.0,,,0.0,,,0.0,,,0.0,,,0.0,,,,,,0.0,,0.0,,0.0,,0.0,,0.0,,0.0,,,,,,0,0,,,,,,,,,,,,,
166,,,,,,0,,0,,0.0,,,0.0,,,0.0,,,0.0,,,0.0,,,0.0,,,,,,0.0,,0.0,,0.0,,0.0,,0.0,,0.0,,,,,,0,0,,,,,,,,,,,,,
167,,,,,,0,,0,,0.0,,,0.0,,,0.0,,,0.0,,,0.0,,,0.0,,,,,,0.0,,0.0,,0.0,,0.0,,0.0,,0.0,,,,,,0,0,,,,,,,,,,,,,
168,,,,,,0,,0,,0.0,,,0.0,,,0.0,,,0.0,,,0.0,,,0.0,,,,,,0.0,,0.0,,0.0,,0.0,,0.0,,0.0,,,,,,0,0,,,,,,,,,,,,,
169,,,,,,0,,0,,0.0,,,0.0,,,0.0,,,0.0,,,0.0,,,0.0,,,,,,0.0,,0.0,,0.0,,0.0,,0.0,,0.0,,,,,,0,0,,,,,,,,,,,,,
170,,,,,,0,,0,,0.0,,,0.0,,,0.0,,,0.0,,,0.0,,,0.0,,,,,,0.0,,0.0,,0.0,,0.0,,0.0,,0.0,,,,,,0,0,,,,,,,,,,,,,
171,,,,,,0,,0,,0.0,,,0.0,,,0.0,,,0.0,,,0.0,,,0.0,,,,,,0.0,,0.0,,0.0,,0.0,,0.0,,0.0,,,,,,0,0,,,,,,,,,,,,,
172,,,,,,0,,0,,0.0,,,0.0,,,0.0,,,0.0,,,0.0,,,0.0,,,,,,0.0,,0.0,,0.0,,0.0,,0.0,,0.0,,,,,,0,0,,,,,,,,,,,,,
173,,,,,,0,,0,,0.0,,,0.0,,,0.0,,,0.0,,,0.0,,,0.0,,,,,,0.0,,0.0,,0.0,,0.0,,0.0,,0.0,,,,,,0,0,,,,,,,,,,,,,
174,,,,,,0,,0,,0.0,,,0.0,,,0.0,,,0.0,,,0.0,,,0.0,,,,,,0.0,,0.0,,0.0,,0.0,,0.0,,0.0,,,,,,0,0,,,,,,,,,,,,,
175,,,,,,0,,0,,0.0,,,0.0,,,0.0,,,0.0,,,0.0,,,0.0,,,,,,0.0,,0.0,,0.0,,0.0,,0.0,,0.0,,,,,,0,0,,,,,,,,,,,,,
176,,,,,,0,,0,,0.0,,,0.0,,,0.0,,,0.0,,,0.0,,,0.0,,,,,,0.0,,0.0,,0.0,,0.0,,0.0,,0.0,,,,,,0,0,,,,,,,,,,,,,
177,,,,,,0,,0,,0.0,,,0.0,,,0.0,,,0.0,,,0.0,,,0.0,,,,,,0.0,,0.0,,0.0,,0.0,,0.0,,0.0,,,,,,0,0,,,,,,,,,,,,,
178,,,,,,0,,0,,0.0,,,0.0,,,0.0,,,0.0,,,0.0,,,0.0,,,,,,0.0,,0.0,,0.0,,0.0,,0.0,,0.0,,,,,,0,0,,,,,,,,,,,,,
179,,,,,,0,,0,,0.0,,,0.0,,,0.0,,,0.0,,,0.0,,,0.0,,,,,,0.0,,0.0,,0.0,,0.0,,0.0,,0.0,,,,,,0,0,,,,,,,,,,,,,
180,,,,,,0,,0,,0.0,,,0.0,,,0.0,,,0.0,,,0.0,,,0.0,,,,,,0.0,,0.0,,0.0,,0.0,,0.0,,0.0,,,,,,0,0,,,,,,,,,,,,,
181,,,,,,0,,0,,0.0,,,0.0,,,0.0,,,0.0,,,0.0,,,0.0,,,,,,0.0,,0.0,,0.0,,0.0,,0.0,,0.0,,,,,,0,0,,,,,,,,,,,,,
182,,,,,,0,,0,,0.0,,,0.0,,,0.0,,,0.0,,,0.0,,,0.0,,,,,,0.0,,0.0,,0.0,,0.0,,0.0,,0.0,,,,,,0,0,,,,,,,,,,,,,
183,,,,,,0,,0,,0.0,,,0.0,,,0.0,,,0.0,,,0.0,,,0.0,,,,,,0.0,,0.0,,0.0,,0.0,,0.0,,0.0,,,,,,0,0,,,,,,,,,,,,,
184,,,,,,0,,0,,0.0,,,0.0,,,0.0,,,0.0,,,0.0,,,0.0,,,,,,0.0,,0.0,,0.0,,0.0,,0.0,,0.0,,,,,,0,0,,,,,,,,,,,,,
185,,,,,,0,,0,,0.0,,,0.0,,,0.0,,,0.0,,,0.0,,,0.0,,,,,,0.0,,0.0,,0.0,,0.0,,0.0,,0.0,,,,,,0,0,,,,,,,,,,,,,
186,,,,,,0,,0,,0.0,,,0.0,,,0.0,,,0.0,,,0.0,,,0.0,,,,,,0.0,,0.0,,0.0,,0.0,,0.0,,0.0,,,,,,0,0,,,,,,,,,,,,,
187,,,,,,0,,0,,0.0,,,0.0,,,0.0,,,0.0,,,0.0,,,0.0,,,,,,0.0,,0.0,,0.0,,0.0,,0.0,,0.0,,,,,,0,0,,,,,,,,,,,,,
188,,,,,,0,,0,,0.0,,,0.0,,,0.0,,,0.0,,,0.0,,,0.0,,,,,,0.0,,0.0,,0.0,,0.0,,0.0,,0.0,,,,,,0,0,,,,,,,,,,,,,
189,,,,,,0,,0,,0.0,,,0.0,,,0.0,,,0.0,,,0.0,,,0.0,,,,,,0.0,,0.0,,0.0,,0.0,,0.0,,0.0,,,,,,0,0,,,,,,,,,,,,,
190,,,,,,0,,0,,0.0,,,0.0,,,0.0,,,0.0,,,0.0,,,0.0,,,,,,0.0,,0.0,,0.0,,0.0,,0.0,,0.0,,,,,,0,0,,,,,,,,,,,,,
191,,,,,,0,,0,,0.0,,,0.0,,,0.0,,,0.0,,,0.0,,,0.0,,,,,,0.0,,0.0,,0.0,,0.0,,0.0,,0.0,,,,,,0,0,,,,,,,,,,,,,
192,,,,,,0,,0,,0.0,,,0.0,,,0.0,,,0.0,,,0.0,,,0.0,,,,,,0.0,,0.0,,0.0,,0.0,,0.0,,0.0,,,,,,0,0,,,,,,,,,,,,,
193,,,,,,0,,0,,0.0,,,0.0,,,0.0,,,0.0,,,0.0,,,0.0,,,,,,0.0,,0.0,,0.0,,0.0,,0.0,,0.0,,,,,,0,0,,,,,,,,,,,,,
194,,,,,,0,,0,,0.0,,,0.0,,,0.0,,,0.0,,,0.0,,,0.0,,,,,,0.0,,0.0,,0.0,,0.0,,0.0,,0.0,,,,,,0,0,,,,,,,,,,,,,
195,,,,,,0,,0,,0.0,,,0.0,,,0.0,,,0.0,,,0.0,,,0.0,,,,,,0.0,,0.0,,0.0,,0.0,,0.0,,0.0,,,,,,0,0,,,,,,,,,,,,,
196,,,,,,0,,0,,0.0,,,0.0,,,0.0,,,0.0,,,0.0,,,0.0,,,,,,0.0,,0.0,,0.0,,0.0,,0.0,,0.0,,,,,,0,0,,,,,,,,,,,,,
197,,,,,,0,,0,,0.0,,,0.0,,,0.0,,,0.0,,,0.0,,,0.0,,,,,,0.0,,0.0,,0.0,,0.0,,0.0,,0.0,,,,,,0,0,,,,,,,,,,,,,
198,,,,,,0,,0,,0.0,,,0.0,,,0.0,,,0.0,,,0.0,,,0.0,,,,,,0.0,,0.0,,0.0,,0.0,,0.0,,0.0,,,,,,0,0,,,,,,,,,,,,,
199,,,,,,0,,0,,0.0,,,0.0,,,0.0,,,0.0,,,0.0,,,0.0,,,,,,0.0,,0.0,,0.0,,0.0,,0.0,,0.0,,,,,,0,0,,,,,,,,,,,,,
200,,,,,,0,,0,,0.0,,,0.0,,,0.0,,,0.0,,,0.0,,,0.0,,,,,,0.0,,0.0,,0.0,,0.0,,0.0,,0.0,,,,,,0,0,,,,,,,,,,,,,
201,,,,,,0,,0,,0.0,,,0.0,,,0.0,,,0.0,,,0.0,,,0.0,,,,,,0.0,,0.0,,0.0,,0.0,,0.0,,0.0,,,,,,0,0,,,,,,,,,,,,,
202,,,,,,0,,0,,0.0,,,0.0,,,0.0,,,0.0,,,0.0,,,0.0,,,,,,0.0,,0.0,,0.0,,0.0,,0.0,,0.0,,,,,,0,0,,,,,,,,,,,,,
203,,,,,,0,,0,,0.0,,,0.0,,,0.0,,,0.0,,,0.0,,,0.0,,,,,,0.0,,0.0,,0.0,,0.0,,0.0,,0.0,,,,,,0,0,,,,,,,,,,,,,
204,,,,,,0,,0,,0.0,,,0.0,,,0.0,,,0.0,,,0.0,,,0.0,,,,,,0.0,,0.0,,0.0,,0.0,,0.0,,0.0,,,,,,0,0,,,,,,,,,,,,,
205,,,,,,0,,0,,0.0,,,0.0,,,0.0,,,0.0,,,0.0,,,0.0,,,,,,0.0,,0.0,,0.0,,0.0,,0.0,,0.0,,,,,,0,0,,,,,,,,,,,,,
206,,,,,,0,,0,,0.0,,,0.0,,,0.0,,,0.0,,,0.0,,,0.0,,,,,,0.0,,0.0,,0.0,,0.0,,0.0,,0.0,,,,,,0,0,,,,,,,,,,,,,
207,,,,,,0,,0,,0.0,,,0.0,,,0.0,,,0.0,,,0.0,,,0.0,,,,,,0.0,,0.0,,0.0,,0.0,,0.0,,0.0,,,,,,0,0,,,,,,,,,,,,,
208,,,,,,0,,0,,0.0,,,0.0,,,0.0,,,0.0,,,0.0,,,0.0,,,,,,0.0,,0.0,,0.0,,0.0,,0.0,,0.0,,,,,,0,0,,,,,,,,,,,,,
209,,,,,,0,,0,,0.0,,,0.0,,,0.0,,,0.0,,,0.0,,,0.0,,,,,,0.0,,0.0,,0.0,,0.0,,0.0,,0.0,,,,,,0,0,,,,,,,,,,,,,
210,,,,,,0,,0,,0.0,,,0.0,,,0.0,,,0.0,,,0.0,,,0.0,,,,,,0.0,,0.0,,0.0,,0.0,,0.0,,0.0,,,,,,0,0,,,,,,,,,,,,,
211,,,,,,0,,0,,0.0,,,0.0,,,0.0,,,0.0,,,0.0,,,0.0,,,,,,0.0,,0.0,,0.0,,0.0,,0.0,,0.0,,,,,,0,0,,,,,,,,,,,,,
212,,,,,,0,,0,,0.0,,,0.0,,,0.0,,,0.0,,,0.0,,,0.0,,,,,,0.0,,0.0,,0.0,,0.0,,0.0,,0.0,,,,,,0,0,,,,,,,,,,,,,
213,,,,,,0,,0,,0.0,,,0.0,,,0.0,,,0.0,,,0.0,,,0.0,,,,,,0.0,,0.0,,0.0,,0.0,,0.0,,0.0,,,,,,0,0,,,,,,,,,,,,,
214,,,,,,0,,0,,0.0,,,0.0,,,0.0,,,0.0,,,0.0,,,0.0,,,,,,0.0,,0.0,,0.0,,0.0,,0.0,,0.0,,,,,,0,0,,,,,,,,,,,,,
215,,,,,,0,,0,,0.0,,,0.0,,,0.0,,,0.0,,,0.0,,,0.0,,,,,,0.0,,0.0,,0.0,,0.0,,0.0,,0.0,,,,,,0,0,,,,,,,,,,,,,
216,,,,,,0,,0,,0.0,,,0.0,,,0.0,,,0.0,,,0.0,,,0.0,,,,,,0.0,,0.0,,0.0,,0.0,,0.0,,0.0,,,,,,0,0,,,,,,,,,,,,,
217,,,,,,0,,0,,0.0,,,0.0,,,0.0,,,0.0,,,0.0,,,0.0,,,,,,0.0,,0.0,,0.0,,0.0,,0.0,,0.0,,,,,,0,0,,,,,,,,,,,,,
218,,,,,,0,,0,,0.0,,,0.0,,,0.0,,,0.0,,,0.0,,,0.0,,,,,,0.0,,0.0,,0.0,,0.0,,0.0,,0.0,,,,,,0,0,,,,,,,,,,,,,
219,,,,,,0,,0,,0.0,,,0.0,,,0.0,,,0.0,,,0.0,,,0.0,,,,,,0.0,,0.0,,0.0,,0.0,,0.0,,0.0,,,,,,0,0,,,,,,,,,,,,,
220,,,,,,0,,0,,0.0,,,0.0,,,0.0,,,0.0,,,0.0,,,0.0,,,,,,0.0,,0.0,,0.0,,0.0,,0.0,,0.0,,,,,,0,0,,,,,,,,,,,,,
221,,,,,,0,,0,,0.0,,,0.0,,,0.0,,,0.0,,,0.0,,,0.0,,,,,,0.0,,0.0,,0.0,,0.0,,0.0,,0.0,,,,,,0,0,,,,,,,,,,,,,
222,,,,,,0,,0,,0.0,,,0.0,,,0.0,,,0.0,,,0.0,,,0.0,,,,,,0.0,,0.0,,0.0,,0.0,,0.0,,0.0,,,,,,0,0,,,,,,,,,,,,,
223,,,,,,0,,0,,0.0,,,0.0,,,0.0,,,0.0,,,0.0,,,0.0,,,,,,0.0,,0.0,,0.0,,0.0,,0.0,,0.0,,,,,,0,0,,,,,,,,,,,,,
224,,,,,,0,,0,,0.0,,,0.0,,,0.0,,,0.0,,,0.0,,,0.0,,,,,,0.0,,0.0,,0.0,,0.0,,0.0,,0.0,,,,,,0,0,,,,,,,,,,,,,
225,,,,,,0,,0,,0.0,,,0.0,,,0.0,,,0.0,,,0.0,,,0.0,,,,,,0.0,,0.0,,0.0,,0.0,,0.0,,0.0,,,,,,0,0,,,,,,,,,,,,,
226,,,,,,0,,0,,0.0,,,0.0,,,0.0,,,0.0,,,0.0,,,0.0,,,,,,0.0,,0.0,,0.0,,0.0,,0.0,,0.0,,,,,,0,0,,,,,,,,,,,,,
227,,,,,,0,,0,,0.0,,,0.0,,,0.0,,,0.0,,,0.0,,,0.0,,,,,,0.0,,0.0,,0.0,,0.0,,0.0,,0.0,,,,,,0,0,,,,,,,,,,,,,
228,,,,,,0,,0,,0.0,,,0.0,,,0.0,,,0.0,,,0.0,,,0.0,,,,,,0.0,,0.0,,0.0,,0.0,,0.0,,0.0,,,,,,0,0,,,,,,,,,,,,,
229,,,,,,0,,0,,0.0,,,0.0,,,0.0,,,0.0,,,0.0,,,0.0,,,,,,0.0,,0.0,,0.0,,0.0,,0.0,,0.0,,,,,,0,0,,,,,,,,,,,,,
230,,,,,,0,,0,,0.0,,,0.0,,,0.0,,,0.0,,,0.0,,,0.0,,,,,,0.0,,0.0,,0.0,,0.0,,0.0,,0.0,,,,,,0,0,,,,,,,,,,,,,
231,,,,,,0,,0,,0.0,,,0.0,,,0.0,,,0.0,,,0.0,,,0.0,,,,,,0.0,,0.0,,0.0,,0.0,,0.0,,0.0,,,,,,0,0,,,,,,,,,,,,,
232,,,,,,0,,0,,0.0,,,0.0,,,0.0,,,0.0,,,0.0,,,0.0,,,,,,0.0,,0.0,,0.0,,0.0,,0.0,,0.0,,,,,,0,0,,,,,,,,,,,,,
233,,,,,,0,,0,,0.0,,,0.0,,,0.0,,,0.0,,,0.0,,,0.0,,,,,,0.0,,0.0,,0.0,,0.0,,0.0,,0.0,,,,,,0,0,,,,,,,,,,,,,
234,,,,,,0,,0,,0.0,,,0.0,,,0.0,,,0.0,,,0.0,,,0.0,,,,,,0.0,,0.0,,0.0,,0.0,,0.0,,0.0,,,,,,0,0,,,,,,,,,,,,,
235,,,,,,0,,0,,0.0,,,0.0,,,0.0,,,0.0,,,0.0,,,0.0,,,,,,0.0,,0.0,,0.0,,0.0,,0.0,,0.0,,,,,,0,0,,,,,,,,,,,,,
236,,,,,,0,,0,,0.0,,,0.0,,,0.0,,,0.0,,,0.0,,,0.0,,,,,,0.0,,0.0,,0.0,,0.0,,0.0,,0.0,,,,,,0,0,,,,,,,,,,,,,
237,,,,,,0,,0,,0.0,,,0.0,,,0.0,,,0.0,,,0.0,,,0.0,,,,,,0.0,,0.0,,0.0,,0.0,,0.0,,0.0,,,,,,0,0,,,,,,,,,,,,,
238,,,,,,0,,0,,0.0,,,0.0,,,0.0,,,0.0,,,0.0,,,0.0,,,,,,0.0,,0.0,,0.0,,0.0,,0.0,,0.0,,,,,,0,0,,,,,,,,,,,,,
239,,,,,,0,,0,,0.0,,,0.0,,,0.0,,,0.0,,,0.0,,,0.0,,,,,,0.0,,0.0,,0.0,,0.0,,0.0,,0.0,,,,,,0,0,,,,,,,,,,,,,
240,,,,,,0,,0,,0.0,,,0.0,,,0.0,,,0.0,,,0.0,,,0.0,,,,,,0.0,,0.0,,0.0,,0.0,,0.0,,0.0,,,,,,0,0,,,,,,,,,,,,,
241,,,,,,0,,0,,0.0,,,0.0,,,0.0,,,0.0,,,0.0,,,0.0,,,,,,0.0,,0.0,,0.0,,0.0,,0.0,,0.0,,,,,,0,0,,,,,,,,,,,,,
242,,,,,,0,,0,,0.0,,,0.0,,,0.0,,,0.0,,,0.0,,,0.0,,,,,,0.0,,0.0,,0.0,,0.0,,0.0,,0.0,,,,,,0,0,,,,,,,,,,,,,
243,,,,,,0,,0,,0.0,,,0.0,,,0.0,,,0.0,,,0.0,,,0.0,,,,,,0.0,,0.0,,0.0,,0.0,,0.0,,0.0,,,,,,0,0,,,,,,,,,,,,,
244,,,,,,0,,0,,0.0,,,0.0,,,0.0,,,0.0,,,0.0,,,0.0,,,,,,0.0,,0.0,,0.0,,0.0,,0.0,,0.0,,,,,,0,0,,,,,,,,,,,,,
245,,,,,,0,,0,,0.0,,,0.0,,,0.0,,,0.0,,,0.0,,,0.0,,,,,,0.0,,0.0,,0.0,,0.0,,0.0,,0.0,,,,,,0,0,,,,,,,,,,,,,
246,,,,,,0,,0,,0.0,,,0.0,,,0.0,,,0.0,,,0.0,,,0.0,,,,,,0.0,,0.0,,0.0,,0.0,,0.0,,0.0,,,,,,0,0,,,,,,,,,,,,,
247,,,,,,0,,0,,0.0,,,0.0,,,0.0,,,0.0,,,0.0,,,0.0,,,,,,0.0,,0.0,,0.0,,0.0,,0.0,,0.0,,,,,,0,0,,,,,,,,,,,,,
248,,,,,,0,,0,,0.0,,,0.0,,,0.0,,,0.0,,,0.0,,,0.0,,,,,,0.0,,0.0,,0.0,,0.0,,0.0,,0.0,,,,,,0,0,,,,,,,,,,,,,
249,,,,,,0,,0,,0.0,,,0.0,,,0.0,,,0.0,,,0.0,,,0.0,,,,,,0.0,,0.0,,0.0,,0.0,,0.0,,0.0,,,,,,0,0,,,,,,,,,,,,,
250,,,,,,0,,0,,0.0,,,0.0,,,0.0,,,0.0,,,0.0,,,0.0,,,,,,0.0,,0.0,,0.0,,0.0,,0.0,,0.0,,,,,,0,0,,,,,,,,,,,,,
251,,,,,,0,,0,,0.0,,,0.0,,,0.0,,,0.0,,,0.0,,,0.0,,,,,,0.0,,0.0,,0.0,,0.0,,0.0,,0.0,,,,,,0,0,,,,,,,,,,,,,
252,,,,,,0,,0,,0.0,,,0.0,,,0.0,,,0.0,,,0.0,,,0.0,,,,,,0.0,,0.0,,0.0,,0.0,,0.0,,0.0,,,,,,0,0,,,,,,,,,,,,,
253,,,,,,0,,0,,0.0,,,0.0,,,0.0,,,0.0,,,0.0,,,0.0,,,,,,0.0,,0.0,,0.0,,0.0,,0.0,,0.0,,,,,,0,0,,,,,,,,,,,,,
254,,,,,,0,,0,,0.0,,,0.0,,,0.0,,,0.0,,,0.0,,,0.0,,,,,,0.0,,0.0,,0.0,,0.0,,0.0,,0.0,,,,,,0,0,,,,,,,,,,,,,
255,,,,,,0,,0,,0.0,,,0.0,,,0.0,,,0.0,,,0.0,,,0.0,,,,,,0.0,,0.0,,0.0,,0.0,,0.0,,0.0,,,,,,0,0,,,,,,,,,,,,,
256,,,,,,0,,0,,0.0,,,0.0,,,0.0,,,0.0,,,0.0,,,0.0,,,,,,0.0,,0.0,,0.0,,0.0,,0.0,,0.0,,,,,,0,0,,,,,,,,,,,,,
257,,,,,,0,,0,,0.0,,,0.0,,,0.0,,,0.0,,,0.0,,,0.0,,,,,,0.0,,0.0,,0.0,,0.0,,0.0,,0.0,,,,,,0,0,,,,,,,,,,,,,
258,,,,,,0,,0,,0.0,,,0.0,,,0.0,,,0.0,,,0.0,,,0.0,,,,,,0.0,,0.0,,0.0,,0.0,,0.0,,0.0,,,,,,0,0,,,,,,,,,,,,,
259,,,,,,0,,0,,0.0,,,0.0,,,0.0,,,0.0,,,0.0,,,0.0,,,,,,0.0,,0.0,,0.0,,0.0,,0.0,,0.0,,,,,,0,0,,,,,,,,,,,,,
260,,,,,,0,,0,,0.0,,,0.0,,,0.0,,,0.0,,,0.0,,,0.0,,,,,,0.0,,0.0,,0.0,,0.0,,0.0,,0.0,,,,,,0,0,,,,,,,,,,,,,
261,,,,,,0,,0,,0.0,,,0.0,,,0.0,,,0.0,,,0.0,,,0.0,,,,,,0.0,,0.0,,0.0,,0.0,,0.0,,0.0,,,,,,0,0,,,,,,,,,,,,,
262,,,,,,0,,0,,0.0,,,0.0,,,0.0,,,0.0,,,0.0,,,0.0,,,,,,0.0,,0.0,,0.0,,0.0,,0.0,,0.0,,,,,,0,0,,,,,,,,,,,,,
263,,,,,,0,,0,,0.0,,,0.0,,,0.0,,,0.0,,,0.0,,,0.0,,,,,,0.0,,0.0,,0.0,,0.0,,0.0,,0.0,,,,,,0,0,,,,,,,,,,,,,
264,,,,,,0,,0,,0.0,,,0.0,,,0.0,,,0.0,,,0.0,,,0.0,,,,,,0.0,,0.0,,0.0,,0.0,,0.0,,0.0,,,,,,0,0,,,,,,,,,,,,,
265,,,,,,0,,0,,0.0,,,0.0,,,0.0,,,0.0,,,0.0,,,0.0,,,,,,0.0,,0.0,,0.0,,0.0,,0.0,,0.0,,,,,,0,0,,,,,,,,,,,,,
266,,,,,,0,,0,,0.0,,,0.0,,,0.0,,,0.0,,,0.0,,,0.0,,,,,,0.0,,0.0,,0.0,,0.0,,0.0,,0.0,,,,,,0,0,,,,,,,,,,,,,
267,,,,,,0,,0,,0.0,,,0.0,,,0.0,,,0.0,,,0.0,,,0.0,,,,,,0.0,,0.0,,0.0,,0.0,,0.0,,0.0,,,,,,0,0,,,,,,,,,,,,,
268,,,,,,0,,0,,0.0,,,0.0,,,0.0,,,0.0,,,0.0,,,0.0,,,,,,0.0,,0.0,,0.0,,0.0,,0.0,,0.0,,,,,,0,0,,,,,,,,,,,,,
269,,,,,,0,,0,,0.0,,,0.0,,,0.0,,,0.0,,,0.0,,,0.0,,,,,,0.0,,0.0,,0.0,,0.0,,0.0,,0.0,,,,,,0,0,,,,,,,,,,,,,
270,,,,,,0,,0,,0.0,,,0.0,,,0.0,,,0.0,,,0.0,,,0.0,,,,,,0.0,,0.0,,0.0,,0.0,,0.0,,0.0,,,,,,0,0,,,,,,,,,,,,,
271,,,,,,0,,0,,0.0,,,0.0,,,0.0,,,0.0,,,0.0,,,0.0,,,,,,0.0,,0.0,,0.0,,0.0,,0.0,,0.0,,,,,,0,0,,,,,,,,,,,,,
272,,,,,,0,,0,,0.0,,,0.0,,,0.0,,,0.0,,,0.0,,,0.0,,,,,,0.0,,0.0,,0.0,,0.0,,0.0,,0.0,,,,,,0,0,,,,,,,,,,,,,
273,,,,,,0,,0,,0.0,,,0.0,,,0.0,,,0.0,,,0.0,,,0.0,,,,,,0.0,,0.0,,0.0,,0.0,,0.0,,0.0,,,,,,0,0,,,,,,,,,,,,,
274,,,,,,0,,0,,0.0,,,0.0,,,0.0,,,0.0,,,0.0,,,0.0,,,,,,0.0,,0.0,,0.0,,0.0,,0.0,,0.0,,,,,,0,0,,,,,,,,,,,,,
275,,,,,,0,,0,,0.0,,,0.0,,,0.0,,,0.0,,,0.0,,,0.0,,,,,,0.0,,0.0,,0.0,,0.0,,0.0,,0.0,,,,,,0,0,,,,,,,,,,,,,
276,,,,,,0,,0,,0.0,,,0.0,,,0.0,,,0.0,,,0.0,,,0.0,,,,,,0.0,,0.0,,0.0,,0.0,,0.0,,0.0,,,,,,0,0,,,,,,,,,,,,,
277,,,,,,0,,0,,0.0,,,0.0,,,0.0,,,0.0,,,0.0,,,0.0,,,,,,0.0,,0.0,,0.0,,0.0,,0.0,,0.0,,,,,,0,0,,,,,,,,,,,,,
278,,,,,,0,,0,,0.0,,,0.0,,,0.0,,,0.0,,,0.0,,,0.0,,,,,,0.0,,0.0,,0.0,,0.0,,0.0,,0.0,,,,,,0,0,,,,,,,,,,,,,
279,,,,,,0,,0,,0.0,,,0.0,,,0.0,,,0.0,,,0.0,,,0.0,,,,,,0.0,,0.0,,0.0,,0.0,,0.0,,0.0,,,,,,0,0,,,,,,,,,,,,,
280,,,,,,0,,0,,0.0,,,0.0,,,0.0,,,0.0,,,0.0,,,0.0,,,,,,0.0,,0.0,,0.0,,0.0,,0.0,,0.0,,,,,,0,0,,,,,,,,,,,,,
281,,,,,,0,,0,,0.0,,,0.0,,,0.0,,,0.0,,,0.0,,,0.0,,,,,,0.0,,0.0,,0.0,,0.0,,0.0,,0.0,,,,,,0,0,,,,,,,,,,,,,
282,,,,,,0,,0,,0.0,,,0.0,,,0.0,,,0.0,,,0.0,,,0.0,,,,,,0.0,,0.0,,0.0,,0.0,,0.0,,0.0,,,,,,0,0,,,,,,,,,,,,,
283,,,,,,0,,0,,0.0,,,0.0,,,0.0,,,0.0,,,0.0,,,0.0,,,,,,0.0,,0.0,,0.0,,0.0,,0.0,,0.0,,,,,,0,0,,,,,,,,,,,,,
284,,,,,,0,,0,,0.0,,,0.0,,,0.0,,,0.0,,,0.0,,,0.0,,,,,,0.0,,0.0,,0.0,,0.0,,0.0,,0.0,,,,,,0,0,,,,,,,,,,,,,
285,,,,,,0,,0,,0.0,,,0.0,,,0.0,,,0.0,,,0.0,,,0.0,,,,,,0.0,,0.0,,0.0,,0.0,,0.0,,0.0,,,,,,0,0,,,,,,,,,,,,,
286,,,,,,0,,0,,0.0,,,0.0,,,0.0,,,0.0,,,0.0,,,0.0,,,,,,0.0,,0.0,,0.0,,0.0,,0.0,,0.0,,,,,,0,0,,,,,,,,,,,,,
287,,,,,,0,,0,,0.0,,,0.0,,,0.0,,,0.0,,,0.0,,,0.0,,,,,,0.0,,0.0,,0.0,,0.0,,0.0,,0.0,,,,,,0,0,,,,,,,,,,,,,
288,,,,,,0,,0,,0.0,,,0.0,,,0.0,,,0.0,,,0.0,,,0.0,,,,,,0.0,,0.0,,0.0,,0.0,,0.0,,0.0,,,,,,0,0,,,,,,,,,,,,,
289,,,,,,0,,0,,0.0,,,0.0,,,0.0,,,0.0,,,0.0,,,0.0,,,,,,0.0,,0.0,,0.0,,0.0,,0.0,,0.0,,,,,,0,0,,,,,,,,,,,,,
290,,,,,,0,,0,,0.0,,,0.0,,,0.0,,,0.0,,,0.0,,,0.0,,,,,,0.0,,0.0,,0.0,,0.0,,0.0,,0.0,,,,,,0,0,,,,,,,,,,,,,
291,,,,,,0,,0,,0.0,,,0.0,,,0.0,,,0.0,,,0.0,,,0.0,,,,,,0.0,,0.0,,0.0,,0.0,,0.0,,0.0,,,,,,0,0,,,,,,,,,,,,,
292,,,,,,0,,0,,0.0,,,0.0,,,0.0,,,0.0,,,0.0,,,0.0,,,,,,0.0,,0.0,,0.0,,0.0,,0.0,,0.0,,,,,,0,0,,,,,,,,,,,,,
293,,,,,,0,,0,,0.0,,,0.0,,,0.0,,,0.0,,,0.0,,,0.0,,,,,,0.0,,0.0,,0.0,,0.0,,0.0,,0.0,,,,,,0,0,,,,,,,,,,,,,
294,,,,,,0,,0,,0.0,,,0.0,,,0.0,,,0.0,,,0.0,,,0.0,,,,,,0.0,,0.0,,0.0,,0.0,,0.0,,0.0,,,,,,0,0,,,,,,,,,,,,,
295,,,,,,0,,0,,0.0,,,0.0,,,0.0,,,0.0,,,0.0,,,0.0,,,,,,0.0,,0.0,,0.0,,0.0,,0.0,,0.0,,,,,,0,0,,,,,,,,,,,,,
296,,,,,,0,,0,,0.0,,,0.0,,,0.0,,,0.0,,,0.0,,,0.0,,,,,,0.0,,0.0,,0.0,,0.0,,0.0,,0.0,,,,,,0,0,,,,,,,,,,,,,
297,,,,,,0,,0,,0.0,,,0.0,,,0.0,,,0.0,,,0.0,,,0.0,,,,,,0.0,,0.0,,0.0,,0.0,,0.0,,0.0,,,,,,0,0,,,,,,,,,,,,,
298,,,,,,0,,0,,0.0,,,0.0,,,0.0,,,0.0,,,0.0,,,0.0,,,,,,0.0,,0.0,,0.0,,0.0,,0.0,,0.0,,,,,,0,0,,,,,,,,,,,,,
299,,,,,,0,,0,,0.0,,,0.0,,,0.0,,,0.0,,,0.0,,,0.0,,,,,,0.0,,0.0,,0.0,,0.0,,0.0,,0.0,,,,,,0,0,,,,,,,,,,,,,
300,,,,,,0,,0,,0.0,,,0.0,,,0.0,,,0.0,,,0.0,,,0.0,,,,,,0.0,,0.0,,0.0,,0.0,,0.0,,0.0,,,,,,0,0,,,,,,,,,,,,,
301,,,,,,0,,0,,0.0,,,0.0,,,0.0,,,0.0,,,0.0,,,0.0,,,,,,0.0,,0.0,,0.0,,0.0,,0.0,,0.0,,,,,,0,0,,,,,,,,,,,,,
302,,,,,,0,,0,,0.0,,,0.0,,,0.0,,,0.0,,,0.0,,,0.0,,,,,,0.0,,0.0,,0.0,,0.0,,0.0,,0.0,,,,,,0,0,,,,,,,,,,,,,
303,,,,,,0,,0,,0.0,,,0.0,,,0.0,,,0.0,,,0.0,,,0.0,,,,,,0.0,,0.0,,0.0,,0.0,,0.0,,0.0,,,,,,0,0,,,,,,,,,,,,,
304,,,,,,0,,0,,0.0,,,0.0,,,0.0,,,0.0,,,0.0,,,0.0,,,,,,0.0,,0.0,,0.0,,0.0,,0.0,,0.0,,,,,,0,0,,,,,,,,,,,,,
305,,,,,,0,,0,,0.0,,,0.0,,,0.0,,,0.0,,,0.0,,,0.0,,,,,,0.0,,0.0,,0.0,,0.0,,0.0,,0.0,,,,,,0,0,,,,,,,,,,,,,
306,,,,,,0,,0,,0.0,,,0.0,,,0.0,,,0.0,,,0.0,,,0.0,,,,,,0.0,,0.0,,0.0,,0.0,,0.0,,0.0,,,,,,0,0,,,,,,,,,,,,,
307,,,,,,0,,0,,0.0,,,0.0,,,0.0,,,0.0,,,0.0,,,0.0,,,,,,0.0,,0.0,,0.0,,0.0,,0.0,,0.0,,,,,,0,0,,,,,,,,,,,,,
308,,,,,,0,,0,,0.0,,,0.0,,,0.0,,,0.0,,,0.0,,,0.0,,,,,,0.0,,0.0,,0.0,,0.0,,0.0,,0.0,,,,,,0,0,,,,,,,,,,,,,
309,,,,,,0,,0,,0.0,,,0.0,,,0.0,,,0.0,,,0.0,,,0.0,,,,,,0.0,,0.0,,0.0,,0.0,,0.0,,0.0,,,,,,0,0,,,,,,,,,,,,,
310,,,,,,0,,0,,0.0,,,0.0,,,0.0,,,0.0,,,0.0,,,0.0,,,,,,0.0,,0.0,,0.0,,0.0,,0.0,,0.0,,,,,,0,0,,,,,,,,,,,,,
311,,,,,,0,,0,,0.0,,,0.0,,,0.0,,,0.0,,,0.0,,,0.0,,,,,,0.0,,0.0,,0.0,,0.0,,0.0,,0.0,,,,,,0,0,,,,,,,,,,,,,
312,,,,,,0,,0,,0.0,,,0.0,,,0.0,,,0.0,,,0.0,,,0.0,,,,,,0.0,,0.0,,0.0,,0.0,,0.0,,0.0,,,,,,0,0,,,,,,,,,,,,,
313,,,,,,0,,0,,0.0,,,0.0,,,0.0,,,0.0,,,0.0,,,0.0,,,,,,0.0,,0.0,,0.0,,0.0,,0.0,,0.0,,,,,,0,0,,,,,,,,,,,,,
314,,,,,,0,,0,,0.0,,,0.0,,,0.0,,,0.0,,,0.0,,,0.0,,,,,,0.0,,0.0,,0.0,,0.0,,0.0,,0.0,,,,,,0,0,,,,,,,,,,,,,
315,,,,,,0,,0,,0.0,,,0.0,,,0.0,,,0.0,,,0.0,,,0.0,,,,,,0.0,,0.0,,0.0,,0.0,,0.0,,0.0,,,,,,0,0,,,,,,,,,,,,,
316,,,,,,0,,0,,0.0,,,0.0,,,0.0,,,0.0,,,0.0,,,0.0,,,,,,0.0,,0.0,,0.0,,0.0,,0.0,,0.0,,,,,,0,0,,,,,,,,,,,,,
317,,,,,,0,,0,,0.0,,,0.0,,,0.0,,,0.0,,,0.0,,,0.0,,,,,,0.0,,0.0,,0.0,,0.0,,0.0,,0.0,,,,,,0,0,,,,,,,,,,,,,
318,,,,,,0,,0,,0.0,,,0.0,,,0.0,,,0.0,,,0.0,,,0.0,,,,,,0.0,,0.0,,0.0,,0.0,,0.0,,0.0,,,,,,0,0,,,,,,,,,,,,,
319,,,,,,0,,0,,0.0,,,0.0,,,0.0,,,0.0,,,0.0,,,0.0,,,,,,0.0,,0.0,,0.0,,0.0,,0.0,,0.0,,,,,,0,0,,,,,,,,,,,,,
320,,,,,,0,,0,,0.0,,,0.0,,,0.0,,,0.0,,,0.0,,,0.0,,,,,,0.0,,0.0,,0.0,,0.0,,0.0,,0.0,,,,,,0,0,,,,,,,,,,,,,
321,,,,,,0,,0,,0.0,,,0.0,,,0.0,,,0.0,,,0.0,,,0.0,,,,,,0.0,,0.0,,0.0,,0.0,,0.0,,0.0,,,,,,0,0,,,,,,,,,,,,,
322,,,,,,0,,0,,0.0,,,0.0,,,0.0,,,0.0,,,0.0,,,0.0,,,,,,0.0,,0.0,,0.0,,0.0,,0.0,,0.0,,,,,,0,0,,,,,,,,,,,,,
323,,,,,,0,,0,,0.0,,,0.0,,,0.0,,,0.0,,,0.0,,,0.0,,,,,,0.0,,0.0,,0.0,,0.0,,0.0,,0.0,,,,,,0,0,,,,,,,,,,,,,
324,,,,,,0,,0,,0.0,,,0.0,,,0.0,,,0.0,,,0.0,,,0.0,,,,,,0.0,,0.0,,0.0,,0.0,,0.0,,0.0,,,,,,0,0,,,,,,,,,,,,,
325,,,,,,0,,0,,0.0,,,0.0,,,0.0,,,0.0,,,0.0,,,0.0,,,,,,0.0,,0.0,,0.0,,0.0,,0.0,,0.0,,,,,,0,0,,,,,,,,,,,,,
326,,,,,,0,,0,,0.0,,,0.0,,,0.0,,,0.0,,,0.0,,,0.0,,,,,,0.0,,0.0,,0.0,,0.0,,0.0,,0.0,,,,,,0,0,,,,,,,,,,,,,
327,,,,,,0,,0,,0.0,,,0.0,,,0.0,,,0.0,,,0.0,,,0.0,,,,,,0.0,,0.0,,0.0,,0.0,,0.0,,0.0,,,,,,0,0,,,,,,,,,,,,,
328,,,,,,0,,0,,0.0,,,0.0,,,0.0,,,0.0,,,0.0,,,0.0,,,,,,0.0,,0.0,,0.0,,0.0,,0.0,,0.0,,,,,,0,0,,,,,,,,,,,,,
329,,,,,,0,,0,,0.0,,,0.0,,,0.0,,,0.0,,,0.0,,,0.0,,,,,,0.0,,0.0,,0.0,,0.0,,0.0,,0.0,,,,,,0,0,,,,,,,,,,,,,
330,,,,,,0,,0,,0.0,,,0.0,,,0.0,,,0.0,,,0.0,,,0.0,,,,,,0.0,,0.0,,0.0,,0.0,,0.0,,0.0,,,,,,0,0,,,,,,,,,,,,,
331,,,,,,0,,0,,0.0,,,0.0,,,0.0,,,0.0,,,0.0,,,0.0,,,,,,0.0,,0.0,,0.0,,0.0,,0.0,,0.0,,,,,,0,0,,,,,,,,,,,,,
332,,,,,,0,,0,,0.0,,,0.0,,,0.0,,,0.0,,,0.0,,,0.0,,,,,,0.0,,0.0,,0.0,,0.0,,0.0,,0.0,,,,,,0,0,,,,,,,,,,,,,
333,,,,,,0,,0,,0.0,,,0.0,,,0.0,,,0.0,,,0.0,,,0.0,,,,,,0.0,,0.0,,0.0,,0.0,,0.0,,0.0,,,,,,0,0,,,,,,,,,,,,,
334,,,,,,0,,0,,0.0,,,0.0,,,0.0,,,0.0,,,0.0,,,0.0,,,,,,0.0,,0.0,,0.0,,0.0,,0.0,,0.0,,,,,,0,0,,,,,,,,,,,,,
335,,,,,,0,,0,,0.0,,,0.0,,,0.0,,,0.0,,,0.0,,,0.0,,,,,,0.0,,0.0,,0.0,,0.0,,0.0,,0.0,,,,,,0,0,,,,,,,,,,,,,
336,,,,,,0,,0,,0.0,,,0.0,,,0.0,,,0.0,,,0.0,,,0.0,,,,,,0.0,,0.0,,0.0,,0.0,,0.0,,0.0,,,,,,0,0,,,,,,,,,,,,,
337,,,,,,0,,0,,0.0,,,0.0,,,0.0,,,0.0,,,0.0,,,0.0,,,,,,0.0,,0.0,,0.0,,0.0,,0.0,,0.0,,,,,,0,0,,,,,,,,,,,,,
338,,,,,,0,,0,,0.0,,,0.0,,,0.0,,,0.0,,,0.0,,,0.0,,,,,,0.0,,0.0,,0.0,,0.0,,0.0,,0.0,,,,,,0,0,,,,,,,,,,,,,
339,,,,,,0,,0,,0.0,,,0.0,,,0.0,,,0.0,,,0.0,,,0.0,,,,,,0.0,,0.0,,0.0,,0.0,,0.0,,0.0,,,,,,0,0,,,,,,,,,,,,,
340,,,,,,0,,0,,0.0,,,0.0,,,0.0,,,0.0,,,0.0,,,0.0,,,,,,0.0,,0.0,,0.0,,0.0,,0.0,,0.0,,,,,,0,0,,,,,,,,,,,,,
341,,,,,,0,,0,,0.0,,,0.0,,,0.0,,,0.0,,,0.0,,,0.0,,,,,,0.0,,0.0,,0.0,,0.0,,0.0,,0.0,,,,,,0,0,,,,,,,,,,,,,
342,,,,,,0,,0,,0.0,,,0.0,,,0.0,,,0.0,,,0.0,,,0.0,,,,,,0.0,,0.0,,0.0,,0.0,,0.0,,0.0,,,,,,0,0,,,,,,,,,,,,,
343,,,,,,0,,0,,0.0,,,0.0,,,0.0,,,0.0,,,0.0,,,0.0,,,,,,0.0,,0.0,,0.0,,0.0,,0.0,,0.0,,,,,,0,0,,,,,,,,,,,,,
344,,,,,,0,,0,,0.0,,,0.0,,,0.0,,,0.0,,,0.0,,,0.0,,,,,,0.0,,0.0,,0.0,,0.0,,0.0,,0.0,,,,,,0,0,,,,,,,,,,,,,
345,,,,,,0,,0,,0.0,,,0.0,,,0.0,,,0.0,,,0.0,,,0.0,,,,,,0.0,,0.0,,0.0,,0.0,,0.0,,0.0,,,,,,0,0,,,,,,,,,,,,,
346,,,,,,0,,0,,0.0,,,0.0,,,0.0,,,0.0,,,0.0,,,0.0,,,,,,0.0,,0.0,,0.0,,0.0,,0.0,,0.0,,,,,,0,0,,,,,,,,,,,,,
347,,,,,,0,,0,,0.0,,,0.0,,,0.0,,,0.0,,,0.0,,,0.0,,,,,,0.0,,0.0,,0.0,,0.0,,0.0,,0.0,,,,,,0,0,,,,,,,,,,,,,
348,,,,,,0,,0,,0.0,,,0.0,,,0.0,,,0.0,,,0.0,,,0.0,,,,,,0.0,,0.0,,0.0,,0.0,,0.0,,0.0,,,,,,0,0,,,,,,,,,,,,,
349,,,,,,0,,0,,0.0,,,0.0,,,0.0,,,0.0,,,0.0,,,0.0,,,,,,0.0,,0.0,,0.0,,0.0,,0.0,,0.0,,,,,,0,0,,,,,,,,,,,,,
350,,,,,,0,,0,,0.0,,,0.0,,,0.0,,,0.0,,,0.0,,,0.0,,,,,,0.0,,0.0,,0.0,,0.0,,0.0,,0.0,,,,,,0,0,,,,,,,,,,,,,
351,,,,,,0,,0,,0.0,,,0.0,,,0.0,,,0.0,,,0.0,,,0.0,,,,,,0.0,,0.0,,0.0,,0.0,,0.0,,0.0,,,,,,0,0,,,,,,,,,,,,,
352,,,,,,0,,0,,0.0,,,0.0,,,0.0,,,0.0,,,0.0,,,0.0,,,,,,0.0,,0.0,,0.0,,0.0,,0.0,,0.0,,,,,,0,0,,,,,,,,,,,,,
353,,,,,,0,,0,,0.0,,,0.0,,,0.0,,,0.0,,,0.0,,,0.0,,,,,,0.0,,0.0,,0.0,,0.0,,0.0,,0.0,,,,,,0,0,,,,,,,,,,,,,
354,,,,,,0,,0,,0.0,,,0.0,,,0.0,,,0.0,,,0.0,,,0.0,,,,,,0.0,,0.0,,0.0,,0.0,,0.0,,0.0,,,,,,0,0,,,,,,,,,,,,,
355,,,,,,0,,0,,0.0,,,0.0,,,0.0,,,0.0,,,0.0,,,0.0,,,,,,0.0,,0.0,,0.0,,0.0,,0.0,,0.0,,,,,,0,0,,,,,,,,,,,,,
356,,,,,,0,,0,,0.0,,,0.0,,,0.0,,,0.0,,,0.0,,,0.0,,,,,,0.0,,0.0,,0.0,,0.0,,0.0,,0.0,,,,,,0,0,,,,,,,,,,,,,
357,,,,,,0,,0,,0.0,,,0.0,,,0.0,,,0.0,,,0.0,,,0.0,,,,,,0.0,,0.0,,0.0,,0.0,,0.0,,0.0,,,,,,0,0,,,,,,,,,,,,,
358,,,,,,0,,0,,0.0,,,0.0,,,0.0,,,0.0,,,0.0,,,0.0,,,,,,0.0,,0.0,,0.0,,0.0,,0.0,,0.0,,,,,,0,0,,,,,,,,,,,,,
359,,,,,,0,,0,,0.0,,,0.0,,,0.0,,,0.0,,,0.0,,,0.0,,,,,,0.0,,0.0,,0.0,,0.0,,0.0,,0.0,,,,,,0,0,,,,,,,,,,,,,
360,,,,,,0,,0,,0.0,,,0.0,,,0.0,,,0.0,,,0.0,,,0.0,,,,,,0.0,,0.0,,0.0,,0.0,,0.0,,0.0,,,,,,0,0,,,,,,,,,,,,,
361,,,,,,0,,0,,0.0,,,0.0,,,0.0,,,0.0,,,0.0,,,0.0,,,,,,0.0,,0.0,,0.0,,0.0,,0.0,,0.0,,,,,,0,0,,,,,,,,,,,,,
362,,,,,,0,,0,,0.0,,,0.0,,,0.0,,,0.0,,,0.0,,,0.0,,,,,,0.0,,0.0,,0.0,,0.0,,0.0,,0.0,,,,,,0,0,,,,,,,,,,,,,
363,,,,,,0,,0,,0.0,,,0.0,,,0.0,,,0.0,,,0.0,,,0.0,,,,,,0.0,,0.0,,0.0,,0.0,,0.0,,0.0,,,,,,0,0,,,,,,,,,,,,,
364,,,,,,0,,0,,0.0,,,0.0,,,0.0,,,0.0,,,0.0,,,0.0,,,,,,0.0,,0.0,,0.0,,0.0,,0.0,,0.0,,,,,,0,0,,,,,,,,,,,,,
365,,,,,,0,,0,,0.0,,,0.0,,,0.0,,,0.0,,,0.0,,,0.0,,,0,,,0.0,,0.0,,0.0,,0.0,,0.0,,0.0,,,,,,0,0,,,,,,,,,,,,,
366,,,,,,0,,0,,0.0,,,0.0,,,0.0,,,0.0,,,0.0,,,0.0,,,0,,,0.0,,0.0,,0.0,,0.0,,0.0,,0.0,,,,,,0,0,,,,,,,,,,,,,
367,,,,,,0,,0,,0.0,,,0.0,,,0.0,,,0.0,,,0.0,,,0.0,,,0,,,0.0,,0.0,,0.0,,0.0,,0.0,,0.0,,,,,,0,0,,,,,,,,,,,,,
368,,,,,,0,,0,,0.0,,,0.0,,,0.0,,,0.0,,,0.0,,,0.0,,,0,,,0.0,,0.0,,0.0,,0.0,,0.0,,0.0,,,,,,0,0,,,,,,,,,,,,,
369,,,,,,0,,0,,0.0,,,0.0,,,0.0,,,0.0,,,0.0,,,0.0,,,0,,,0.0,,0.0,,0.0,,0.0,,0.0,,0.0,,,,,,0,0,,,,,,,,,,,,,
370,,,,,,0,,0,,0.0,,,0.0,,,0.0,,,0.0,,,0.0,,,0.0,,,0,,,0.0,,0.0,,0.0,,0.0,,0.0,,0.0,,,,,,0,0,,,,,,,,,,,,,
371,,,,,,0,,0,,0.0,,,0.0,,,0.0,,,0.0,,,0.0,,,0.0,,,0,,,0.0,,0.0,,0.0,,0.0,,0.0,,0.0,,,,,,0,0,,,,,,,,,,,,,
372,,,,,,0,,0,,0.0,,,0.0,,,0.0,,,0.0,,,0.0,,,0.0,,,0,,,0.0,,0.0,,0.0,,0.0,,0.0,,0.0,,,,,,0,0,,,,,,,,,,,,,
373,,,,,,0,,0,,0.0,,,0.0,,,0.0,,,0.0,,,0.0,,,0.0,,,0,,,0.0,,0.0,,0.0,,0.0,,0.0,,0.0,,,,,,0,0,,,,,,,,,,,,,
374,,,,,,0,,0,,0.0,,,0.0,,,0.0,,,0.0,,,0.0,,,0.0,,,0,,,0.0,,0.0,,0.0,,0.0,,0.0,,0.0,,,,,,0,0,,,,,,,,,,,,,
375,,,,,,0,,0,,0.0,,,0.0,,,0.0,,,0.0,,,0.0,,,0.0,,,0,,,0.0,,0.0,,0.0,,0.0,,0.0,,0.0,,,,,,0,0,,,,,,,,,,,,,
